deutsch,english
der,the
die,the
und,and
in,in
den,the
von,from
zu,to
das,the
mit,with
sich,itself
des,the
auf,on
für,for
ist,is
im,in the
dem,dem
nicht,not
ein,a
Die,The
eine,one
als,as
auch,also
es,it
an,to
werden,become
aus,out of
er,he
hat,has
daß,that
sie,she
nach,after
wird,becomes
bei,at
einer,one
Der,The
um,to
am,at
sind,are
noch,still
wie,How
einem,a
über,above
einen,a
Das,The
so,so
Sie,She
zum,for the
war,was
haben,have
nur,only
oder,or
aber,but
vor,before
zur,to
bis,until
mehr,more
durch,through
man,man
sein,be
wurde,became
sei,be
In,In
Prozent,percent
hatte,had
kann,can
gegen,against
vom,from the
können,can
schon,already
wenn,if
habe,have
seine,his
Mark,mark
ihre,her
dann,then
unter,under
wir,we
soll,should
ich,I
eines,one
Es,It
Jahr,Year
zwei,two
Jahren,years
diese,this
dieser,this
wieder,again
keine,no
Uhr,Clock
seiner,his
worden,have
Und,And
will,will
zwischen,between
Im,In the
immer,always
Millionen,millions
Ein,A
was,What
sagte,said
Er,He
gibt,gives
alle,all
DM,DM
diesem,this
seit,since
muß,must
wurden,became
beim,at the
doch,but
jetzt,now
waren,were
drei,three
Jahre,Years
Mit,With
neue,new
neuen,new
damit,with it
bereits,already
da,there
Auch,Also
ihr,her
seinen,his
müssen,must
ab,away
ihrer,their
Nach,After
ohne,without
sondern,rather
selbst,himself
ersten,first
nun,so
etwa,approximately
Bei,At
heute,today
ihren,your
weil,because
ihm,him
seien,be
Menschen,People
Deutschland,Germany
anderen,others
werde,become
Ich,I
sagt,says
Wir,We
Eine,One
rund,around
Für,For
Aber,But
ihn,him
Ende,End
jedoch,however
Zeit,Time
sollen,should
ins,into the
Wenn,If
So,So
seinem,his
uns,us
Stadt,City
geht,goes
Doch,But
sehr,very
hier,here
ganz,quite
erst,first
wollen,want
Berlin,Berlin
vor allem,above all
sowie,as well as 
hatten,had
kein,no
deutschen,German
machen,make
lassen,let
Als,As
Unternehmen,Pursue
andere,other
ob,whether
dieses,this
steht,stands
dabei,included
wegen,because of
weiter,further
denn,because
beiden,both
einmal,once
etwas,something
Wie,How
nichts,nothing
allerdings,however
vier,four
gut,good
viele,many
wo,where
viel,much
dort,there
alles,everything
Auf,On
wäre,were
SPD,SPD
kommt,comes
vergangenen,past
denen,those
fast,almost
fünf,five
könnte,could
nicht nur,not only
hätten,have
Frau,Woman
Am,On
dafür,for that
kommen,come
diesen,this
letzten,last
zwar,that is
Diese,This
großen,large
dazu,in addition
Von,From
Mann,Man
Da,There
sollte,should
würde,would
also,so
bisher,until now
Leben,Life
Milliarden,billions
Welt,World
Regierung,Government
konnte,could
ihrem,their
Frauen,Women
während,while
Land,country
zehn,ten
würden,would
stehen,stand
ja,Yes
USA,USA
heißt,is called
dies,this
zurück,back
Kinder,Children
dessen,whose
ihnen,them
deren,whose
sogar,even
Frage,Ask
gewesen,been
erste,first
gab,gave
liegt,lies
gar,even
davon,of that
gestern,yesterday
geben,give
Teil,Part
Polizei,police
dass,that
hätte,would have
eigenen,own
kaum,barely
sieht,sees
große,size
Denn,Because
weitere,more
Was,What
sehen,see
macht,might
Angaben,Declarations
weniger,fewer
gerade,straight
läßt,lets
Geld,Money
München,Munich
deutsche,German
allen,all
darauf,on it
wohl,probably
später,later
könne,can
deshalb,for this reason
aller,all
kam,came
Arbeit,Work
mich,me
gegenüber,opposite
nächsten,next
bleibt,remains
wenig,few
lange,long
gemacht,made
Wer,Who
Dies,This
Fall,case
mir,me
gehen,go
Berliner,Berliner
mal,just
Weg,Away
CDU,CDU
wollte,wanted
sechs,six
keinen,none
Woche,Week
dagegen,against it
alten,old
möglich,possible
gilt,applies
erklärte,explained
müsse,must
Dabei,Included
könnten,could
Geschichte,Story
zusammen,together
finden,find
Tag,day
Art,Art
erhalten,receive
Man,Man
Dollar,dollar
Wochen,Weeks
jeder,everyone
nie,never
bleiben,remain
besonders,particularly
Jahres,year
Deutschen,Germans
Den,The
Zu,To
zunächst,first
derzeit,currently
allein,alone
deutlich,clearly
Entwicklung,Development
weiß,white
einige,some
sollten,should
Präsident,president
geworden,become
statt,instead of
Bonn,Bonn
Platz,Place
inzwischen,in the meantime
Nur,Only
Freitag,Friday
Um,To
pro,per
seines,his
Damit,With it
Montag,Monday
Europa,Europe
schließlich,finally
Sonntag,Sunday
einfach,simply
gehört,heard
eher,rather
oft,often
Zahl,Number
neben,next to
hält,holds
weit,far
Partei,party
meisten,most
Thema,Theme
zeigt,shows
Politik,policy
Aus,Out of
zweiten,second
Januar,January
insgesamt,in total
je,each
mußte,had to
Anfang,Beginning
hinter,behind
ebenfalls,also
ging,went
Mitarbeiter,Employees
darüber,about it
vielen,many
Ziel,Goal
darf,may
Seite,Page
fest,firmly
hin,there
erklärt,explained
Namen,names
Haus,House
An,To
Frankfurt,Frankfurt
Gesellschaft,Company
Mittwoch,Wednesday
damals,at that time
Dienstag,Tuesday
Hilfe,Help
Mai,May
Markt,market
Seit,Since
Tage,days
Donnerstag,Thursday
halten,hold
gleich,even
nehmen,take
solche,such
Entscheidung,Decision
besser,better
alte,old
Leute,People
Ergebnis,Result
Samstag,Saturday
Daß,That
sagen,say
System,system
März,March
tun,do
Monaten,months
kleinen,small
lang,long
Nicht,Not
knapp,meager
bringen,bring
wissen,knowledge
Kosten,Cost
Erfolg,Success
bekannt,known
findet,finds
daran,to it
künftig,future
wer,who
acht,eight
Grünen,Greens
schnell,fast
Grund,Reason
scheint,appears
Zukunft,Future
Stuttgart,Stuttgart
bin,am
liegen,lay
politischen,political
Gruppe,group
Rolle,role
stellt,presents
Juni,June
sieben,seven
September,September
nämlich,namely
Männer,Men
Oktober,October
Mrd,Billion
überhaupt,at all
eigene,own
Dann,Then
gegeben,given
Außerdem,Besides that
Stunden,Hours
eigentlich,actually
Meter,meter
ließ,let
Probleme,Problems
vielleicht,perhaps
ebenso,as well
Bereich,Area
zum Beispiel,for example
Bis,Until
Höhe,Height
Familie,Family
Während,While
Bild,Picture
Ländern,countries
Informationen,information
Frankreich,France
Tagen,days
schwer,difficult
zuvor,before
Vor,Before
genau,Exactly
April,April
stellen,place
neu,new
erwartet,expected
Hamburg,Hamburg
sicher,secure
führen,lead
Mal,Just
Über,Over
mehrere,several
Wirtschaft,Business
Mio,million
Programm,program
offenbar,apparently
Hier,Here
weiteren,further
natürlich,naturally
konnten,could
stark,strong
Dezember,December
Juli,July
ganze,whole
kommenden,upcoming
Kunden,Customers
bekommen,receive
eben,even
kleine,small
trotz,despite
wirklich,really
Lage,Position
Länder,Countries
leicht,light
gekommen,came
Spiel,Game
laut,loud
November,November
kurz,short
politische,political
führt,leads
innerhalb,within
unsere,our
meint,means
immer wieder,again and again
Form,form
Münchner,Munich
AG,AG
anders,different
ihres,their
völlig,fully
beispielsweise,for example
gute,good
bislang,so far
August,August
Hand,hand
jede,every
GmbH,GmbH
Film,film
Minuten,minutes
erreicht,reached
beide,both
Musik,Music
Kritik,criticism
Mitte,center
Verfügung,Disposal
Buch,Book
dürfen,may
Unter,Under
jeweils,respectively
einigen,some
Zum,For the
Umsatz,Sales volume
spielen,play
Daten,Data
welche,which
müßten,would have to
hieß,was called
paar,couple
nachdem,after
Kunst,Art
Euro,euro
gebracht,brought
Problem,problem
Noch,Still
jeden,every
Ihre,Her
Sprecher,speaker
recht,right
erneut,anew
längst,long ago
europäischen,European
Sein,Be
Eltern,Parents
Beginn,Beginn
besteht,consists
Seine,His
mindestens,at least
machte,made
Jetzt,Now
bietet,offers
außerdem,aside from that
Bürger,Citizens
Trainer,trainer
bald,soon
Deutsche,German
Schon,Already
Fragen,Questions
klar,clear
Durch,Through
Seiten,pages
gehören,belong
Dort,There
erstmals,first time
Februar,February
zeigen,show
Titel,title
Stück,Piece
größten,largest
FDP,FDP
setzt,sets
Wert,Value
Frankfurter,Frankfurt
Staat,State
möchte,want
daher,therefore
wolle,wool
Bundesregierung,Federal government
lediglich,only 
Nacht,Night
Krieg,War
Opfer,Victim
Tod,Death
nimmt,takes
Firma,company
zuletzt,last
Werk,Factory
hohen,high
leben,life
unter anderem,among other things
Dieser,This
Kirche,Church
weiterhin,furthermore
gebe,give
gestellt,placed
Mitglieder,members
Rahmen,Frame
zweite,second
Paris,Paris
Situation,situation
gefunden,found
Wochenende,weekend
internationalen,international
Wasser,Water
Recht,Right
sonst,otherwise
stand,stand
Hälfte,half
Möglichkeit,Possibility
versucht,tried
blieb,remained
junge,boy
Mehrheit,majority
Straße,Street
Sache,Matter
arbeiten,work
Monate,Months
Mutter,Mother
berichtet,reported
letzte,last
Gericht,Court
wollten,wanted
Ihr,Her
zwölf,twelve
zumindest,at least
Wahl,Choice
genug,enough
Weise,Way
Vater,Father
Bericht,report
amerikanischen,American
hoch,high
beginnt,begins
Wort,Word
obwohl,although
Kopf,Head
spielt,plays
Interesse,interest
Westen,west
verloren,lost
Preis,Price
Erst,First
jedem,each
erreichen,to reach
setzen,set
spricht,speaks
früher,earlier
teilte,shared
Landes,State
zudem,in addition
einzelnen,individual
bereit,ready
Blick,View
Druck,Pressure
Bayern,Bavaria
Kilometer,kilometers
gemeinsam,together
Bedeutung,Meaning
Chance,chance
Politiker,politician
Dazu,In addition
Zwei,Two
besten,best
Ansicht,Opinion
endlich,finally
Stelle,position
direkt,direct
Beim,At the
Bevölkerung,Population
Viele,Many
solchen,such
Alle,All
solle,should
jungen,young
Einsatz,Mission
richtig,correct
größte,largest
sofort,immediately
neuer,newer
ehemaligen,former
unserer,our
dürfte,likely
schaffen,create
Augen,Eyes
Rußland,Russia
Internet,Internet
Allerdings,However
Raum,Space
Mannschaft,team
neun,nine
kamen,came
Ausstellung,Exhibition
Zeiten,Times
Dem,Dem
einzige,only
meine,mine
Nun,Well
Verfahren,Proceedings
Angebot,Offer
Richtung,Direction
Projekt,project
niemand,no one
Kampf,Battle
weder,neither
tatsächlich,actually
Personen,persons
dpa,dpa
Heute,Today
geführt,guided
Gespräch,Conversation
Kreis,Circle
Hamburger,hamburger
Schule,School
guten,good
Hauptstadt,Capital city
durchaus,certainly
Zusammenarbeit,Cooperation
darin,in it
Amt,Government office
Schritt,Step
meist,most
groß,large
zufolge,according to
Sprache,Language
Region,region
Punkte,Points
Vergleich,Comparison
genommen,taken
gleichen,same
du,you
Ob,Whether
Soldaten,soldiers
Universität,university
verschiedenen,different
Kollegen,Colleagues
neues,new
Bürgermeister,mayor
Angst,Fear
stellte,presented
Sommer,Summer
danach,thereafter
anderer,other
gesagt,said
Sicherheit,Security
Macht,Power
Bau,Building
handelt,acts
Folge,Consequence
Bilder,Pictures
lag,lay
Osten,east
Handel,trade
sprach,spoke
Aufgabe,Task
Chef,boss
frei,free
dennoch,nonetheless
DDR,GDR
hohe,height
Firmen,Companies
bzw,or
Koalition,coalition
Mädchen,Girl
Zur,To
entwickelt,developed
fand,found
Diskussion,discussion
bringt,brings
Deshalb,For this reason
Hause,house
Gefahr,Danger
per,by
zugleich,at the same time
früheren,previous
dadurch,through this
ganzen,entire
abend,evening
erzählt,told
Streit,Fight
Vergangenheit,Past
Parteien,parties
Verhandlungen,negotiations
jedenfalls,anyway
gesehen,seen
französischen,French
Trotz,Despite
darunter,including
Spieler,player
forderte,demanded
Beispiel,Example
Meinung,Opinion
wenigen,few
Publikum,audience
sowohl,as well as
meinte,meant
mag,likes
Auto,car
Lösung,Solution
Boden,Floor
Einen,A
Präsidenten,Presidents
hinaus,in
Zwar,That is
verletzt,injured
weltweit,worldwide
Sohn,Son
bevor,before
Peter,Peter
mußten,had to
keiner,none
Produktion,production
Ort,Location
braucht,needs
Zusammenhang,Connection
Kind,child
Verein,Association
sprechen,speak
Aktien,Shares
gleichzeitig,at the same time
London,London
sogenannten,so-called
Richter,Judge
geplant,planned
Italien,Italy
Mittel,Medium
her,her
freilich,of course
Mensch,Person
großer,large
Bonner,Bonn
wenige,few
öffentlichen,public
Unterstützung,Support
dritten,third
nahm,took
Bundesrepublik,Federal Republic
Arbeitsplätze,jobs
bedeutet,means
Feld,Field
Dr.,Dr.
Bank,bank
oben,above
gesetzt,set
Ausland,Abroad
Ministerpräsident,Prime Minister
Vertreter,Representative
z.B.,e.g.
jedes,each
ziehen,pull
Parlament,parliament
berichtete,reported
Dieses,This
China,China
aufgrund,because of
Stellen,Place
warum,Why
Kindern,children
heraus,out of here
heutigen,today
Anteil,Portion
Herr,Mister
Öffentlichkeit,public
Abend,Evening
Selbst,Himself
Liebe,Love
Neben,Next to
rechnen,calculate
fällt,falls
New York,new York
Industrie,industry
WELT,WORLD
Stuttgarter,Stuttgart
wären,would be
Vorjahr,previous year
Sicht,View
Idee,idea
Banken,Banks
verlassen,leave
Leiter,Director
Bühne,stage
insbesondere,in particular
offen,open
stets,always
Theater,theater
ändern,change
entschieden,decided
Staaten,states
Experten,Experts
Gesetz,Law
Geschäft,Business
Tochter,Daughter
angesichts,in view
gelten,apply
Mehr,More
erwarten,expect
läuft,running
fordert,demands
Japan,Japan
Sieg,victory
Ist,Is
Stimmen,Voices
wählen,choose
russischen,Russian
gewinnen,win
CSU,CSU
bieten,offer
Nähe,Vicinity
jährlich,yearly
Bremen,Bremen
Schüler,Pupils
Rede,speech
Funktion,function
Zuschauer,Viewers
hingegen,however
anderes,other
Führung,guide
Besucher,Visitors
Drittel,third
Moskau,Moscow
immerhin,anyway
Vorsitzende,Chairperson
Urteil,Verdict
Schließlich,Finally
Kultur,culture
betonte,emphasized
mittlerweile,in the meantime
Saison,season
Konzept,concept
suchen,seek
Zahlen,Pay
Roman,novel
Gewalt,Violence
Köln,Cologne
gesamte,entire
indem,by
EU,EU
Stunde,Hour
ehemalige,former
Auftrag,Order
entscheiden,decide
genannt,named
tragen,carry
Börse,Stock exchange
langen,long
häufig,frequently
Chancen,Opportunities
Vor allem,Above all
Position,position
alt,old
Luft,Air
Studenten,students
übernehmen,take over
stärker,more
ohnehin,anyway
zeigte,showed
geplanten,planned
Reihe,Row
darum,therefore
verhindern,impede
begann,began
Medien,media
verkauft,sold
Minister,minister
wichtig,important
amerikanische,American
sah,saw
gesamten,entire
einst,once
verwendet,used
vorbei,over
Behörden,authorities
helfen,help
Folgen,Follow
bezeichnet,designated
Weil,Because
Ihnen,Them
zur Zeit,currently
voll,full
deutscher,German
Worten,words
plötzlich,suddenly
müßte,would have to
Vertrag,Contract
Staatsanwaltschaft,Public Prosecutor's Office
Monat,Month
Oder,Or
Herbst,Autumn
Israel,Israel
zahlen,pay
Zeitung,Newspaper
Grenzen,borders
Wissenschaftler,scientist
Partner,partner
Patienten,patients
nutzen,to use
Bund,Federal
setzte,set
Betrieb,Operation
Michael,Michael
beteiligt,involved
Professor,professor
Fernsehen,TV
Künstler,artist
mehreren,several
erinnert,remembers
Liste,list
Möglichkeiten,Possibilities
Autor,author
täglich,daily
eingesetzt,used
Versuch,Attempt
Alter,Old
Autos,cars
Kohl,Cabbage
außer,except
Hoffnung,Hope
Verkauf,sale
nennt,calls
erscheint,appears
führte,led
Prozeß,Process
Täter,Perpetrator
bisherigen,previous
länger,longer
erkennen,recognize
treffen,meet
Kein,No
unser,our
begonnen,started
Antrag,Application
beschäftigt,busy
Opposition,opposition
Maßnahmen,Measures
brachte,brought
nächste,next
Zudem,In addition
gezeigt,shown
Dennoch,Nonetheless
Sinn,sense
Erde,Earth
gefordert,required
Wohnung,Apartment
all,all
Menge,Crowd
gerne,gladly
Hintergrund,background
hören,hear
Deutschlands,Germany's
selten,rarely
Weitere,More
bestätigt,confirmed
bestimmt,certainly
Statt,Instead of
entstehen,arise
nannte,named
schreibt,writes
Union,union
brauchen,need
gewählt,chosen
Kraft,Power
elf,eleven
trägt,carries
zieht,pulls
Grenze,Border
Geschäftsführer,Managing Director
Team,team
Gebäude,Building
Tonnen,tons
Wettbewerb,Competition
Anspruch,Claim
Polen,Poland
morgen,morning
Bremer,Bremen
Wegen,Because of
Gebiet,Area
glaubt,believes
Sa,Sat
Natur,Nature
Arbeiten,Work
jene,those
Fällen,cases
Jahrhundert,century
leisten,afford
Zeitpunkt,time
internationale,international
mein,my
Konkurrenz,competition
nach wie vor,still
nicht einmal,not even
stieg,rose
notwendig,necessary
sogenannte,so-called
fahren,drive
kostet,costs
entsprechenden,corresponding
geplante,planned
geschlossen,closed
Fehler,Mistake
Zweifel,Doubt
Erklärung,Explanation
wiederum,again
erschienen,appeared
gehe,go
Glück,Luck
erfolgreich,successful
fehlt,missing
Gruppen,Groups
Aktion,action
kündigte,announced
meinen,mean
manchmal,sometimes
verschiedene,different
übernommen,taken over
möglichst,if possible
SZ,SZ
lieber,Dear
Vielleicht,Perhaps
Warum,Why
Verantwortung,Responsibility
Gespräche,Discussions
Suche,Search
gern,gladly
fallen,fall
Organisation,organization
Preise,Prices
weitgehend,largely
Basis,base
Computer,computer
aufgenommen,recorded
Schutz,Protection
Eindruck,Impression
fiel,fell
nahe,vicinity
schlecht,bad
lebt,lives
Verhältnis,Relationship
Forderung,Financial support
britischen,British
sozialen,social
Technik,Technology
entstanden,developed
Vorstand,board
verantwortlich,responsible
of,of
bestimmten,certain
jüngsten,youngest
geboren,born
erhält,receives
wobei,where
Gegner,Opponent
Gründen,Found
Material,material
Spitze,Great
Gewinn,Profit
Punkten,Points
vertreten,represent
Schulen,Schools
Studie,study
Zeichen,Sign
gewonnen,won
Kurs,course
Washington,Washington
Türkei,Türkiye
Erfahrungen,Experiences
wirkt,works
Armee,army
erhielt,received
beginnen,start
bißchen,a little
entfernt,removed
vorgesehen,planned
Ergebnisse,Results
zahlreiche,numerous
entgegen,in contrast to
Ohne,Without
hielt,held
privaten,private
sucht,seeks
Gemeinde,Community
Antwort,Answer
Zentrum,center
bilden,form
legen,place
Schweiz,Switzerland
gemeinsamen,common
weg,away
teilweise,partially
Großbritannien,Great Britain
Licht,Light
Hannover,Hanover
Produkte,Products
Stimme,Agree
diesmal,this time
Schluß,Ending
gingen,go
angeboten,offered
Gesicht,Face
Treffen,Meet
Nachdem,After
ließen,let
eröffnet,opened
versuchen,attempt
Konzern,Group
Leistungen,Services
Gäste,Guests
Wohnungen,Apartments
möglicherweise,possibly
Dafür,For that
wichtige,important
Neue,New
Rund,Around
zog,pulled
geraten,advised
Bewegung,Movement
Gegen,Against
nötig,necessary
Mitglied,Member
hundert,hundred
Düsseldorf,Düsseldorf
PDS,PDS
wahrscheinlich,probably
Danach,Thereafter
vermutlich,allegedly
selber,himself
ständig,constant
Senat,senate
Branche,Industry
Journalisten,journalists
enthält,contains
laufen,run
Vom,From the
Straßen,streets
Einführung,introduction
arbeitet,works
verlangt,required
Werke,factories
Insgesamt,In total
Runde,round
Besuch,Visit
unterstützt,supports
Manager,manager
Brüssel,Brussels
de,de
schweren,heavy
sitzt,sits
geschrieben,written
jemand,someone
französische,French
Bereits,Already
Wachstum,growth
taz,taz
bestimmte,particular
Drei,Three
Freiheit,Freedom
entsprechende,corresponding
kennt,knows
Band,band
Arbeitgeber,Employer
glauben,believe
Wege,Paths
verurteilt,sentenced
tritt,occurs
Volk,People
Pläne,Plans
R,R
angekündigt,announced
Satz,Sentence
sitzen,sit
Vorschlag,Suggestion
rechnet,calculates
muss,must
erhöht,increased
Investitionen,Investments
Aufgaben,Tasks
warten,wait
entdeckt,discovered
wichtigsten,most important
Heimat,Hometown
verstehen,understand
schrieb,wrote
trotzdem,despite it
erfahren,experience
Unternehmens,company
frühere,previous
bekommt,receives
Jugendlichen,youth
Dinge,Things
öffentliche,public
Institut,Institute
Wirkung,Effect
sorgen,care for
trifft,hits
reden,talk
Werte,Values
Forscher,researchers
Wo,Where
Sitzung,meeting
zusätzlich,additionally
vielmehr,rather
Anlaß,Occasion
Beide,Both
gehalten,held
Tel.,Tel.
Schweizer,Swiss
beschlossen,decided
Serben,Serbs
Bundestag,Bundestag
Verwaltung,Administration
vorher,previously
automatisch,automatically
betont,emphasizes
Leistung,Performance
abgeschlossen,completed
Obwohl,Although
zufrieden,satisfied
Beschäftigten,Employees
Papier,Paper
Thomas,Thomas
Verbindung,Connection
Sinne,senses
ziemlich,quite
Debatte,debate
enthalten,contain
ausschließlich,exclusively
bestehen,consist
Flüchtlinge,Refugees
Jugendliche,youth
Freund,Friend
A,A
Themen,Topics
überall,everywhere
droht,threatens
Gewerkschaften,Trade unions
Bedingungen,Conditions
Beziehungen,Relationships
Text,text
europäische,European
Punkt,Point
Erfahrung,Experience
The,The
I,I
Außenminister,Foreign Minister
soziale,social
russische,Russian
Tisch,Table
Republik,republic
höher,higher
reicht,suffices
Million,million
gehabt,had
politisch,politically
folgen,consequences
ähnlich,similar
geschaffen,created
Schaden,Damage
erster,first
Körper,Body
Amerikaner,American
getötet,killed
Einige,Some
Frieden,Peace
zählt,count
Beteiligung,participation
Wagen,Dare
Bahn,Train
vergessen,forget
Verlust,Loss
Tiere,Animals
Museum,museum
gegründet,founded
daraus,from this
Start,start
Kontrolle,control
Einfluß,Influence
Österreich,Austria
Allein,Alone
Norden,north
Wunsch,Wish
manche,some
Wahlen,Choose
Reise,Trip
steigen,climb
gemeinsame,common
Darstellung,Depiction
Demokratie,democracy
König,king
England,England
nennen,to name
Teile,parts
Jahrhunderts,century
denken,think
Name,name
Lehrer,Teacher
S.,S.
laufenden,ongoing
verbunden,tied together
Qualität,Quality
zusätzliche,additional
Widerstand,Resistance
schön,nice
Spanien,Spain
gegangen,gone
Beamten,civil servants
Jeder,Everyone
Europas,Europe
Freunde,Friends
mitteilte,announced
erklären,explain
Familien,Families
Gerade,Straight
gefallen,fallen
Aktie,share
Krise,crisis
Baden-Württemberg,Baden-Württemberg
Nummer,number
wies,pointed
außerhalb,outside
gestiegen,increased
Reform,reform
Literatur,literature
Arbeitslosigkeit,unemployment
Lebens,Life
Sozialdemokraten,Social Democrats
gewann,won
Moment,moment
angeblich,allegedly
entsprechend,accordingly
Mill,Mill
weiteres,further
beträgt,amounts
dritte,third
wesentlich,significant
Amerika,America
Insel,Island
britische,British
Nachfolger,successor
entspricht,corresponds
dahin,there
unseren,our
solcher,such
Juden,Jews
Sport,sport
Rathaus,City hall
verkaufen,sell
größere,larger
Frühjahr,spring
gebaut,built
Wahrheit,Truth
dar,that
Kommission,Commission
Polizisten,police officers
Bosnien,Bosnia
offensichtlich,apparently
Grundlage,basis
relativ,relative
Nein,No
Klasse,Class
tut,does
hängt,depends
wenigstens,at least
aktuellen,current
Modell,Model
Herstellung,Production
hinzu,in
Gedanken,Thoughts
Übernahme,takeover
entwickeln,develop
Quartal,quarter
meiner,my
dürften,likely
Keine,No
jener,that
Zustimmung,approval
legt,lays
fordern,demand
Einheit,Unit
Natürlich,Naturally
blieben,remained
Laut,Loud
in Zukunft,in the future
Szene,scene
Klaus,Klaus
Bundeskanzler,Federal Chancellor
Schwierigkeiten,difficulties
geblieben,remained
lesen,read
Besonders,Particularly
getroffen,met
keineswegs,not at all
Abschluß,Diploma
Verlag,Publisher
Interessen,interests
Netz,network
anschließend,afterward
Plan,plan
Ausbildung,Training
befindet,are
zunehmend,increasingly
verzichten,waive
gespielt,played
ermittelt,determined
legte,lay
Ruhe,Quiet
Hans,Hans
Händler,dealers
genutzt,used
höhere,higher
starke,strength
treten,step
Veranstaltung,Event
Stimmung,Mood
Ärzte,Doctors
erheblich,significant
standen,stood
Teilnehmer,Participant
möchten,want
starken,strengthen
Forderungen,demands
Stand,Status
Anlage,Attachment
siehe,see
erfolgt,is
Vertrieb,distribution
beste,best
gelungen,succeeded
Ordnung,Order
Andreas,Andreas
lautet,is
kritisiert,criticized
Schröder,Schröder
machten,made
verstärkt,reinforced
Süden,south
Haltung,attitude
freien,free
weist,points
nahezu,almost
Motto,motto
abgelehnt,rejected
gelang,succeed
gezogen,pulled
frühen,early
schreiben,write
aufs,on
gleiche,same
öffentlich,public
Häuser,houses
kleiner,smaller
folgt,follows
Einer,One
Ja,Yes
Wien,Vienna
möglichen,possible
weiterer,further
kaufen,buy
Gefühl,Feeling
wirtschaftlichen,economic
Initiative,initiative
hofft,hopes
dürfe,may
Person,person
Telekom,Telekom
kennen,know
interessiert,interested
Beitrag,Contribution
Geschäftsjahr,fiscal year
lernen,learn
gefragt,asked
bezeichnete,designated
Meister,Master
Bücher,books
kürzlich,recently
Tradition,tradition
einzelne,individual
Vorsitzender,Chairman
Verband,Association
Grüne,Greens
überzeugt,convinced
Rückkehr,return
Also,So
schwere,heavy
falsch,incorrect
unten,below
behandelt,treated
indes,however
großes,large
Worte,words
getan,did
Vorstellung,Performance
somit,thus
langsam,slow
Wählen,Choose
gedacht,thought
geändert,changed
Bisher,Until now
hervor,out
Hessen,Hesse
Städte,cities
unbedingt,absolutely
Hotel,hotel
Artikel,Article
tätig,employed
zahlreichen,numerous
Geburtstag,Birthday
gesprochen,spoken
schließen,close
Engagement,engagement
Alles,Everything
Gründe,Reasons
erlaubt,allowed
Kl.,Kl.
Ausländer,Foreigner
Anleger,investors
größer,larger
verlieren,lose
Verhalten,Behave
ausgesprochen,pronounced
fanden,found
Betriebe,Businesses
Praxis,Practice
ums,about
galt,was
Gemeinden,communities
Wolfgang,wolfgang
Kanzler,Chancellor
Viertel,Quarter
private,private
Zustand,Condition
miteinander,each other
genauso,just as
präsentiert,presents
Planung,planning
Forschung,Research
staatlichen,state
Gott,God
einzigen,single
wichtigen,important
kosten,cost
Verkehr,Traffic
befinden,condition
Kauf,purchase
Vorstellungen,Performances
Halle,hall
Untersuchung,Investigation
s,s
Rom,Rome
bessere,better
unserem,our
jeweiligen,each
angelegt,created
beendet,finished
Fälle,cases
Einschätzung,assessment
stehe,stand
Dienst,service
herrscht,prevails
Begriff,Expression
Sekunden,seconds
Essen,Eat
ans,to
erfüllt,fulfilled
Krankenhaus,hospital
Auskunft,Information
bauen,build
Rechnung,The invoice
Arbeitnehmer,Employees
endgültig,finally
Truppen,troops
Jungen,boys
Aufbau,Construction
leider,unfortunately
verpflichtet,obligated
Auffassung,opinion
komme,come
Karriere,career
bezahlen,pay
Telefon,phone
Rest,rest
Umwelt,Environment
schlägt,strikes
bewußt,consciously
wichtiger,important
Sonne,Sun
trat,stepped
Inzwischen,In the meantime
gelangen,reach
schneller,faster
Kandidaten,candidates
Brief,letter
folgenden,the following
erscheinen,appear
wirtschaftliche,economic
Nr.,No.
Fahrer,driver
erforderlich,necessary
Rennen,Run
Nachfrage,demand
Morgen,Morning
Verdacht,Suspicion
eigener,own
Hinweis,Notice
Umgebung,Vicinity
bestätigte,confirmed
Regelung,control
Fenster,Window
dienen,serve
modernen,modern
zuständig,responsible
Flughafen,Airport
Generation,generation
gelegt,laid
ergeben,result
nationalen,national
Waffen,weapons
Schicksal,Fate
Entscheidungen,decisions
Jugend,youth
Niederlage,defeat
Spaß,Fun
Niveau,level
Gelände,terrain
Trend,trend
heißen,be called
Tatsache,fact
Presse,press
Feuer,Fire
bezahlt,paid
Förderung,Financial support
Ganz,Quite
Bildung,Education
vorstellen,introduce
grundsätzlich,basically
voller,full
Winter,winter
italienischen,Italian
Botschaft,Message
Investoren,Investors
Grad,degree
Geschäfte,shops
Leser,reader
spielte,played
bayerischen,Bavarian
erzielt,achieved
reichen,are sufficient
Einrichtung,Furnishings
Energie,energy
Gelegenheit,Opportunity
regelmäßig,regularly
übertragen,transmitted
Freude,Joy
verändert,changed
Umgang,Handling
Fans,Fans
entweder,either
Dauer,Length of time
Finanzierung,financing
Hersteller,Manufacturer
Größe,Size
eingestellt,set
Kontakt,contact
früh,early
ursprünglich,originally
m,m
Prinzip,principle
Ausdruck,Expression
definieren,define
Mittelpunkt,center
Wunder,Wonder
eindeutig,clearly
Quadratmeter,square meter
Mitarbeitern,employees
Behandlung,Treatment
größeren,larger
Nachbarn,Neighbors
Gleichzeitig,At the same time
Schriftsteller,writer
Himmel,Heaven
hoffen,hope
unterstützen,support
Auge,Eye
Risiko,risk
allgemeinen,general
verdient,earned
Tor,Goal
Finanzminister,Finance Minister
Maria,Mary
behauptet,claims
Rücktritt,resignation
schwarzen,black
bewegen,move
Immerhin,Anyway
plus,plus
mögliche,possible
passiert,happened
Angesichts,Given
betroffen,affected
durchgeführt,carried out
entsteht,arises
Vorwürfe,Allegations
näher,closer
bekam,got
Aussage,Statement
Verfassung,Constitution
Helmut Kohl,Helmut Kohl
Bewohner,residents
vorhanden,available
richtige,correct
übrigens,by the way
Kommunen,municipalities
Städten,cities
Werner,Werner
verfügt,has
Filme,Films
Tabelle,Table
historischen,historical
Werbung,Advertising
fragt,asks
Gegenteil,Opposite
Fischer,Fischer
Gegensatz,contrast
Bauern,farmers
Arzt,Physician
Leitung,Line
voraussichtlich,expected
Dieter,Dieter
besondere,special
Abgeordneten,Members of Parliament
sehe,see
DIE,THE
Arbeiter,workers
Beschluß,Decision
festgenommen,arrested
Ermittlungen,Investigations
Minute,minute
Anzahl,Number
Willen,will
Ruf,Call
aktiv,active
Zwischen,Between
Karlsruhe,Karlsruhe
einiger,some
westlichen,western
Schweden,Sweden
technischen,technical
verwenden,use
Vorwurf,Allegation
zwanzig,twenty
the,the
höheren,higher
offiziell,officially
tief,deep
in der Regel,usually
Du,You
Ausbau,Expansion
Auswahl,Selection
Voraussetzung,Requirement
Wissenschaft,Science
richtigen,correct
schien,seemed
festgelegt,determined
Bilanz,balance sheet
erhöhen,increase
kurzem,short
Fast,Almost
Gang,aisle
vorerst,for now
Hände,hands
wirken,works
Vertrauen,Trust
denkt,thinks
lösen,solve
Positionen,Positions
zählen,to count
Veränderungen,Changes
besitzt,owns
Alternative,alternative
Falle,trap
Entwurf,Draft
Ziele,Goals
sichern,secure
ernst,serious
positiv,positive
Tat,act
ermöglicht,enables
Ideen,ideas
Damals,At that time
ausgeschlossen,excluded
Änderung,the change
Ebene,level
äußerst,extremely
Lager,Storage
zweimal,twice
Brandenburg,Brandenburg
Tür,door
dringend,urgent
Regisseur,director
Wechsel,Change
Begründung,Reason
alter,age
Wirklichkeit,reality
Pfennig,pfennig
fehlen,miss
links,left
Summe,sum
Aktivitäten,Activities
Erinnerung,Memory
Zugang,Access
II,II
praktisch,practical
geöffnet,open
Leipzig,Leipzig
Frank,Frank
Strecke,Route
japanischen,Japanese
fährt,drives
Wende,turn
Herz,Heart
Autoren,authors
fürs,for
übrigen,other
Andere,Other
Ausgabe,output
Fußball,football
Kölner,Cologne
kritisierte,criticized
Projekte,Projects
versteht,understands
Stil,style
letztlich,ultimately
Aussagen,Testify
Oberbürgermeister,Mayor
herum,around
Bundeswehr,German Armed Forces
Verständnis,Understanding
steigt,rises
kämpfen,battle
zugunsten,in favor
glaube,believe
Fraktion,fraction
Posten,Position
Dorf,Village
Post,post
unmittelbar,directly
Bruder,Brother
außen,outside
welcher,which
Dagegen,Against it
Rang,Rank
Trotzdem,Despite it
Krankheit,Illness
Heinz,Heinz
eingerichtet,furnished
Auswirkungen,Effects
Strom,Electricity
bloß,just
Auseinandersetzung,dispute
zumal,especially since
Struktur,structure
Linie,line
Felder,fields
Ministerpräsidenten,Prime Minister
dient,serves
Clinton,Clinton
wußte,knew
falls,if
entstand,arose
Herrn,Mr.
Autofahrer,drivers
Information,information
Erwartungen,Expectations
Sitz,seat
definiert,defined
warf,threw
Fusion,fusion
Untersuchungen,Investigations
gaben,gave
verlor,lost
los,go
daraufhin,thereupon
Zinsen,Interest charges
scheinen,seem
Sowjetunion,Soviet Union
Büro,Office
angenommen,assumed
Ursache,Caused
Steuern,Steer
fühlen,feel
Anlagen,Facilities
Jürgen,Jürgen
Franzosen,French
allzu,too
liege,lie
verteilt,distributed
soviel,so much
Jelzin,Yeltsin
Landtag,State Parliament
Nürnberg,Nuremberg
Ab,Away
Bereichen,areas
stammt,origins
Service,service
künftigen,future
Kino,cinema
Behörde,authority
gehandelt,traded
Nutzung,use
ausgerechnet,of all things
Interview,interview
Wissen,To know
zuerst,first
aufgefordert,requested
Gewerkschaft,union
davor,before
Ausnahme,Exception
Erhöhung,increase
wächst,grows
gearbeitet,worked
Rechte,right
eins,one
unterschiedlichen,different
Walter,Walter
geradezu,practically
wirft,throws
international,international
Zug,Train
erreichte,reached
Bedarf,Requirement
erlebt,experienced
teuer,expensive
Kritiker,critic
Flucht,Escape
Klage,suit
Änderungen,Changes
u.,u.
informiert,informed
geschickt,sent
Gerhard,Gerhard
erinnern,remember
Männern,men
Unternehmer,entrepreneur
klingt,sounds
Hinweise,Notes
kräftig,strong
fort,continued
rein,pure
eigenes,own
Immer,Always
spät,late
Eröffnung,opening
Beratung,Advice
Franz,Franz
Gefängnis,Jail
städtischen,urban
angezeigt,displayed
rasch,quickly
vorgestellt,presented
erfüllen,fulfill
freie,free
fertig,complete
Haushalt,Household
berücksichtigt,taken into account
Dadurch,Through this
schlagen,hit
Direktor,director
Realität,reality
Falls,If
B,B
Schreiben,Write
Sender,Sender
Provinz,province
Job,job
festgestellt,noted
Standort,Location
Beruf,Profession
gestorben,died
voraus,in advance
gesucht,wanted
überwiegend,mostly
Stellung,position
Einigung,agreement
Vorschläge,Suggestions
Texte,Texts
fühlt,feel
Schuld,Fault
leichter,lighter
vierten,fourth
Halbjahr,half-year
Rücken,Back
Innenminister,Interior Minister
Karten,maps
halben,half
betrachtet,considered
schlug,hit
geschehen,happen
Zeitraum,Period
vermeiden,avoid
stattfinden,take place
prüfen,check
unterdessen,meanwhile
ausländischen,foreign
vieler,many
Formen,forms
Tore,Goals
starb,died
Regeln,Regulate
Einrichtungen,Facilities
Umfang,Scope
fragen,questions
Konflikt,conflict
Vereinigung,Association
Vier,Four
Je,Each
Teilen,Split
Vorsitzenden,Chairman
Voraussetzungen,Requirements
Plätze,places
beraten,advise
Einwohner,Resident
Verluste,losses
rechten,right
zugeordnet,assigned
tausend,thousand
gerechnet,calculated
offenen,open
warnte,warned
verbessern,improve
unterwegs,on the way
führenden,leading
Hauses,house
Anbieter,Provider
übernimmt,takes over
diskutiert,discussed
Herren,Men
Anstieg,increase
ausländische,foreign
Objekte,objects
Geschichten,Stories
versuchte,attempted
bisherige,previous
beschreibt,describes
Etwa,Approximately
Hof,Courtyard
Serie,series
allem,all
Unterschied,Difference
weißen,white
türkischen,Turkish
Revolution,revolution
Personal,staff
hilft,helps
Karl,Karl
Gründung,Founding
Martin,Martin
verboten,forbidden
verhindert,prevented
nahmen,took
Lust,Desire
Schauspieler,Actor
Fahrt,Drive
Veranstalter,organizer
begründet,justified
Wahlkampf,election campaign
Auftritt,performance
guter,goods
gutes,good
ARD,ARD
Dichter,poet
Vorbild,Example
finanziellen,financial
Allianz,alliance
zerstört,destroyed
hart,hard
rief,called
Einnahmen,revenue
ermöglichen,make possible
einig,some
Beamte,officer
and,and
gelingt,succeed
in erster Linie,primarily
Status,status
gefährdet,endanger
Vorteil,Advantage
Strukturen,Structures
rechts,right
staatliche,state
Kooperation,cooperation
Spiele,Games
Kräfte,Forces
persönlich,personal
wachsen,grow
Atmosphäre,atmosphere
Landesregierung,State government
wann,When
Angriff,attack
Müller,Müller
Regionen,Regions
Dresden,Dresden
besetzt,occupied
technische,technical
Plus,Plus
Darüber hinaus,Over and beyond
gesichert,secured
besonderen,special
gehörte,belonged
verspricht,promises
vergeben,forgive
traf,met
a,a
wonach,after which
Inhalt,Contents
Vorhaben,Plan
plant,plans
Galerie,gallery
Horst,horst
Protest,protest
Urlaub,Vacation
gelassen,relaxed
Traum,Dream
Geben,Give
steckt,is
Leuten,people
bestimmen,determine
mehrfach,multiple times
Sollte,Should
Tätigkeit,Task
wesentlichen,essential
Josef,Joseph
Alexander,Alexander
beteiligen,participate
unabhängig,independent
finanzielle,financial
Anwalt,Attorney
Veranstaltungen,Events
überraschend,surprisingly
gescheitert,failed
offiziellen,official
pflegen,maintain
roten,redden
bildet,forms
solange,as long as
Erfolge,Successes
schließt,closes
Helmut,Helmut
Innenstadt,city ​​center
Junge,Boy
Mitteln,Means
Peking,Beijing
aufgebaut,built
Zeitungen,Newspapers
Becker,Becker
politischer,political
Wähler,voters
Software,software
demnächst,soon
Konsequenzen,Consequences
Wird,Becomes
erzeugt,generated
retten,save
unterschiedliche,different
veröffentlicht,published
höchsten,highest
stimmt,true
Reaktion,reaction
Bernd,Bernd
halte,hold
reduziert,reduced
moderne,modern
mache,make
M.,M.
Rückgang,decline
schwierig,difficult
produziert,produced
Ausgaben,expenditure
hört,hears
Kassen,cash registers
Tokio,Tokyo
General,general
schloß,lock
Günter,Günter
deswegen,because of this
organisiert,organized
ZDF,ZDF
Methode,method
persönlichen,personal
Sorge,Worries
Sorgen,Care for
verfolgt,pursued
Ungarn,Hungary
Nato,NATO
Messe,Fair
israelischen,Israeli
vollständig,complete
Figuren,Figures
kurzen,short
Fest,Firmly
bosnischen,Bosnian
welchen,which
Angeklagten,Defendant
Höhepunkt,Highlight
künftige,future
finanziert,financed
aktuelle,current
zeigten,showed
bekannten,known
spätestens,at latest
Strategie,strategy
vorgeworfen,accused
bemüht,engaged
sorgt,ensures
Rat,Council
meinem,my
Neuen,New
Ostdeutschland,East Germany
gegenwärtig,currently
benötigt,needed
Spur,track
Ball,ball
Finale,final
keinem,none
schöne,beautiful
reagiert,Reacts
Manfred,Manfred
schützen,protect
Ernst,Serious
stammen,origin
Rande,Edge
Schatten,Shadow
verbessert,improved
jüdischen,Jewish
positive,positive
manchen,some
entlassen,dismissed
Phase,phase
Vorgang,Occurrence
Asien,Asia
eng,closely
halbe,half
beziehungsweise,or
Vereinigten Staaten,United States
Gemeinschaft,community
Abschnitt,Section
Verbrechen,crime
dank,thanks to
Geist,Spirit
tot,dead
eingeführt,introduced
berichten,report
anlegen,invest
Kirchen,churches
Funktionen,functions
Sanierung,Renovation
Arbeitsplatz,workplace
Sieger,winner
Aktionen,Actions
vorgelegt,submitted
verabschiedet,adopted
Wind,wind
vorbereitet,prepared
Fahrzeuge,vehicles
Kurse,courses
untersucht,examined
durfte,was allowed
u.a.,among others
Maschinen,machines
Unsere,Our
ausgelöst,triggered
Indien,India
Haft,Detention
bewegt,moves
Zweck,Purpose
Währung,currency
bitte,please
Jahrzehnten,decades
Wald,Forest
wichtigste,most important
Zimmer,Room
Verlauf,Course
ausgesetzt,exposed
Prüfung,Test
Verwendung,use
kurze,short
Zunächst,First
Blut,blood
Anwendung,Application
Anhänger,Trailer
Aufnahme,Recording
Sammlung,collection
benutzt,used
Angebote,Offers
Einstellung,Attitude
Umsetzung,Implementation
Dach,Roof
Irak,Iraq
gezwungen,forced
Premiere,premiere
AP,AP
hoher,higher
starten,start
Kasse,Checkout
Nichts,Nothing
Hektar,Hectares
persönliche,personal
Paul,Paul
Termin,appointment
gemeldet,reported
entwickelte,developed
Tatsächlich,Actually
Kontakte,Contacts
anbieten,offer
Räume,Rooms
Abgeordnete,Members of Parliament
stellten,posed
Regierungschef,Head of government
menschlichen,human
Abbau,dismantling
meldete,reported
Ton,clay
Unfall,Accident
Touristen,Tourists
englischen,English
Abkommen,Agreement
erfaßt,recorded
Solche,Such
Metern,meters
selbstverständlich,of course
Stiftung,Foundation
Existenz,existence
Zeugen,Witnesses
Gold,Gold
Absicht,Intention
Objekt,object
Anders,Different
Anklage,Indictment
Verbraucher,consumer
funktioniert,functions
Großen,Large
bestehenden,existing
Einkommen,income
beider,at the
sinnvoll,sensible
Abstimmung,vote
liefern,delivery
schafft,creates
Ecke,Corner
Siemens,Siemens
Gutachten,Appraise
Version,version
Kennzeichen,mark
Konferenz,conference
Pariser,Parisian
Bundesliga,Bundesliga
erhebliche,significant
erfolgen,take place
traditionellen,traditional
Dialog,dialog
Dutzend,dozen
abhängig,dependent
hängen,hang
ausgegeben,issued
Bedenken,Consider
ergibt,results
einschließlich,including
Konkurrenten,competitors
Iran,Iran
vermutet,suspected
aufnehmen,to record
verzichtet,waived
bundesweit,nationwide
bekannte,acquaintance
betroffenen,affected
befürchten,fear
Bekl,Dec
Anerkennung,recognition
Ehe,Before
liest,reads
Gast,Guest
damaligen,then
Wiener,Viennese
genügend,enough
ersetzt,replaces
Vereine,Clubs
beobachtet,observed
notwendigen,necessary
verdienen,earn
niemals,never
Brand,fire
verstanden,understood
stolz,proud
reagieren,react
Laufe,run
schönen,beautiful
vorgenommen,performed
erhoben,raised
Spuren,Sense
mitten,in the middle
Reformen,Reforms
erschien,appeared
Mut,courage
grünen,green
Christian,Christian
verliert,loses
Anna,Anna
Aussicht,Outlook
andererseits,on the other hand
Staates,State
Charakter,character
Spiegel,Mirror
Analyse,analysis
Kapital,capital
Organisationen,Organizations
Beschäftigung,occupation
Herzen,hearts
einiges,some
Landwirtschaft,agriculture
bedroht,threatened
linken,left
Deutscher,German
Russen,Russians
Derzeit,Currently
stellvertretende,deputy
eingeladen,invited
verlangen,demand
langem,long
Stadtrat,City Council
Beiträge,Posts
erkannt,recognized
historische,historical
Zuschauern,spectators
trug,wore
Afrika,Africa
Schritte,Steps
höchste,highest
Mord,murder
Dortmund,Dortmund
Studium,Studies
erläutert,explains
Alltag,Everyday
Teilnahme,participation
befürchtet,fears
geschafft,done
Betrag,Amount
Nachmittag,Afternoon
solches,such
Betroffenen,Affected
ausdrücklich,expressly
jenen,those
präsentieren,present
Bildern,images
Fläche,Area
Berichte,Reports
Wiesbaden,Wiesbaden
klassischen,classic
heftig,violent
äußerte,expressed
Gewinne,profits
Gesprächen,conversations
klare,clear
umgesetzt,implemented
Justiz,Justice
soweit,so far
wiederholt,repeated
Bislang,So far
durchsetzen,push through
ausreichend,sufficient
endet,ends
Atlanta,Atlanta
holen,fetch
Abstand,Distance
geprägt,embossed
Nation,nation
Meer,sea
Berlins,Berlin's
keinerlei,none
aufgerufen,called
Mitgliedern,members
gewisse,certain
Programme,Programs
Musiker,musician
Unabhängigkeit,independence
einsetzen,insert
Aufträge,orders
Pflege,Care
Management,management
behaupten,claim
Bier,Beer
gewinnt,wins
Verbesserung,improvement
Jahresende,End of year
belegt,proven
besseren,better
Nachrichten,News
beschrieben,described
Zuge,Trains
SAP,SAP
Saal,room
Berufung,vocation
schwarze,black
Farbe,Color
Georg,George
Konzert,concert
Umfeld,Environment
gelernt,learned
Besitz,possession
Wand,Wall
Anforderungen,Requirements
Kabinett,cabinet
Kosovo,Kosovo
Sachsen,Saxony
Pause,pause
erstes,first
Waren,Were
Landgericht,Regional Court
Händen,hands
Integration,integration
fuhr,drove
gebeten,requested
gering,small amount
Vorlage,Template
New Yorker,New Yorker
www,www
Schloß,Lock
zuständigen,responsible
Risiken,Risks
sämtliche,all
gelegen,located
Aufklärung,enlightenment
Fünf,Five
Daher,Therefore
erleben,experience
Pflanzen,Plant
spüren,sense
feiern,celebrate
schwerer,heavier
draußen,outside
Beweis,Proof
Gewicht,Weight
umgerechnet,converted
Europäischen Union,European Union
lagen,lay
Fonds,Funds
Kompromiß,Compromise
handeln,act
Training,training
Kunde,customer
geschlagen,beaten
hinweg,a
Hochschulen,Universities
Verhältnisse,conditions
gelte,applies
Gesundheit,Health
Nachricht,News
Mein,My
junger,younger
Kapitel,Chapter
fördern,support financially
Kamera,camera
greifen,grab
hierzulande,in this country
normalen,normal
Augenblick,moment
Waigel,Waigel
werfen,throw
Verletzungen,Injuries
Äußerungen,statements
Tausende,thousands
begleitet,accompanied
üblichen,usual
Materialien,materials
Blatt,Sheet
Bereiche,areas
Abteilung,Department
Arbeitsschritt,work step
erzählen,tell
dauert,lasts
Heinrich,Heinrich
belastet,charged
Verträge,Contracts
Wetter,Weather
Keller,cellar
Farben,Colors
entlang,along
begründete,justified
Welche,Which
fielen,fell
Vereinbarung,agreement
Währungsunion,Monetary union
Zugleich,At the same time
Sprecherin,Speaker
Führer,Leader
Gegenwart,Present
Erste,First
zusätzlichen,additional
Londoner,London
angewiesen,instructed
Kriterien,criteria
Kurz,Short
hergestellt,manufactured
vereinbart,agreed
lasse,let
Ihren,Your
Ministerium,Ministry
Pfund,pound
schlechte,bad
Kanada,Canada
Vereinten Nationen,United Nations
Bundesbank,Bundesbank
Dividende,dividend
investiert,invests
italienische,Italian
Gut,Good
Südafrika,South Africa
Gestern,Yesterday
getragen,worn
profitieren,benefit
japanische,Japanese
Internationalen,International
geprüft,checked
sparen,save
Systems,Systems
Stadtteil,district
hauptsächlich,primarily
Robert,Robert
versichert,insured
vorgeschlagen,proposed
hinein,inside
Co,Co
Brasilien,Brazil
späten,late
Gesetze,laws
Neues,New
irgendwann,sometime
Nordrhein-Westfalen,North Rhine-Westphalia
unseres,our
Maschine,machine
ostdeutschen,East German
beobachten,observe
Typ,type
Seele,Soul
Not,Emergency
Dienstleistungen,Services
Bord,Board
rechtzeitig,punctual
BMW,BMW
zuviel,too much
Zentimeter,centimeter
katholischen,Catholic
Später,Later
Ereignisse,events
offene,open
Identität,identity
folgte,followed
Bahnhof,Railroad station
hielten,held
allenfalls,at most
spanischen,Spanish
chinesischen,Chinese
Anfrage,Inquiry
serbischen,Serbian
Produkt,product
Australien,Australia
A.,A.
Landschaft,Landscape
Regierungen,Governments
Niedersachsen,Lower Saxony
Schmidt,Schmidt
beschäftigen,occupy
Große,Size
Vorteile,Advantages
leiden,suffer
arbeitete,work
bayerische,Bavarian
passieren,happen
Regie,Director
Eigentlich,Actually
übrig,left over
kleines,small
höchstens,at most
Bemühungen,efforts
Märkte,Markets
wert,value
Pfarrer,Pastor
ungefähr,approximately
zentrale,central
warnt,warns
beinahe,almost
Microsoft,Microsoft
vor Ort,on site
Mischung,mixture
desto,the more
Vorgehen,Proceed
Oper,opera
zentralen,central
sowieso,anyway
liefert,delivers
ruft,calls
Niemand,No one
Weltmeister,World champion
Kern,core
Beziehung,Relationship
jüngste,youngest
aufmerksam,attentive
seitdem,since
Reisen,Travel
führten,led
Arbeitsmarkt,labor market
Fuß,Foot
bleibe,stay
leer,empty
Beobachter,observer
vermitteln,convey
Republikaner,republican
Verteidigung,defense
überrascht,surprised
unverändert,unchanged
Werken,works
klein,small
Manche,Some
öffnen,open
schätzt,estimates
Bus,bus
Toten,Kill
zogen,pulled
mancher,some
besitzen,own
Hotels,Hotels
Rebellen,rebels
Ausgleich,compensation
gefeiert,celebrated
Ereignis,Event
Benutzer,user
erhöhte,increased
Reuter,Reuter
Methoden,methods
Feuerwehr,Fire department
angegeben,specified
Darin,In it
Reihen,rows
erzielte,achieved
WM,World Cup
übernahm,took over
Abschied,Farewell
behalten,keep
Lande,Land
nationale,national
entscheidenden,decisive
wartet,waits
israelische,Israeli
Universitäten,Universities
Stärke,Strength
nunmehr,now
gelegentlich,occasionally
anzeigen,show
verändern,change
türkische,Turkish
Bäume,Trees
finanzieren,finance
Briten,British
gerät,device
selben,the same
Ihrer,your
Vortrag,Speech
Kommunikation,communication
bedeuten,mean
halt,stop
IG Metall,IG Metall
Analysten,Analysts
Hongkong,Hong Kong
schlechter,worse
Vorbereitung,Preparation
Davon,Of that
Katastrophe,disaster
getrennt,separated
Figur,figure
derart,such
Schlüssel,Key
Stücke,pieces
Bündnis,alliance
geschieht,happens
Liter,liter
in Kraft,in force
Mauer,Wall
Erkenntnis,knowledge
paßt,fits
Kongreß,Congress
Hoffnungen,hopes
späteren,later
Marke,brand
Kenntnis,knowledge
Mannes,man
Umständen,circumstances
greift,attacks
saß,sat
Details,Details
unmöglich,impossible
Nachrichtenagentur,news agency
fragte,asked
gewiß,certainly
Belastung,Burden
namens,called
beweisen,prove
verfügen,have
Anschlag,stop
Gebieten,areas
zahlt,pays
Kaum,Barely
höchst,maximum
Pressekonferenz,press conference
falschen,false
Bundesländer,federal states
langfristig,long-term
schlechten,bad
Lösungen,Solutions
gestartet,started
Andererseits,on the other hand
konkrete,specific
Hat,Has
Fortsetzung,Continued
Bundesrat,Federal Council
Gesellschaften,Societies
Tendenz,trend
falsche,false
lehnte,declined
zuständige,responsible
Helden,Heroes
sichtbar,visible
Aufmerksamkeit,Attention
setzten,set
Stefan,Stefan
Regen,Rain
vorne,in front
lief,ran
geboten,offered
solch,such
Genehmigung,permit
Milliarde,billion
dauern,last
häufiger,more often
Kilogramm,kilogram
Bereitschaft,readiness
Meine,Mine
Besitzer,Owner
eigentliche,actual
Partie,game
Elisabeth,Elisabeth
Magistrat,Magistrate
Unser,Our
doppelt,double
Auseinandersetzungen,Disputes
dich,you
Kollege,Colleague
militärischen,military
ältere,older
fürchten,fear
Problemen,problems
Arten,species
diejenigen,those
Holz,Wood
Erweiterung,Extension
Denken,Think
Bewertung,Evaluation
deutliche,clear
Europäischen,European
entscheidende,crucial
Spielen,Play
Landkreis,district
Düsseldorfer,Düsseldorf
informieren,inform
geringer,less
Jede,Every
Bundesländern,federal states
Aufgrund,Because of
Variante,variant
Schwester,Sister
Aufsichtsrat,Supervisory Board
festlegen,establish
fortgesetzt,continued
Beteiligten,Participants
Bürgern,citizens
Schäden,damages
Sind,Are
nein,no
betreiben,operate
positiven,positive
neuen Bundesländern,new federal states
übergeben,hand over
Frankreichs,France's
Internationale,International
Zeitschrift,magazine
Mitteilung,notice
Lehre,Teach
gefördert,funded
kleinere,smaller
geeignet,suitable
Weihnachten,Christmas
Umfrage,Opinion poll
Mieter,Renter
halb,half
Berg,Mountain
Kroatien,Croatia
Herbert,Herbert
nochmals,again
registriert,registered
Tempo,tempo
Spannung,Tension
Klima,climate
Alten,Old
allgemeine,general
See,lake
Bewerber,applicants
irgendwie,somehow
Freundin,Girlfriend
Pflicht,Duty
erweitert,expanded
Papst,Pope
Widerspruch,Contradiction
teilnehmen,participate
Trennung,separation
welchem,which
erstellt,created
Nase,Nose
erklärten,explained
unterscheiden,differentiate
sicherlich,surely
Schulden,Debts
senken,reduce
Herzog,duke
entscheidend,decisive
Stoff,Material
gerecht,just
VW,VW
besucht,visited
enttäuscht,disappointed
Architekten,architects
Anzeige,Advertisement
Überlegungen,considerations
festen,firm
hessischen,Hessian
stiegen,rose
ersetzen,substitute
Aktionäre,Shareholders
verhandelt,negotiated
zweiter,second
sorgte,caused
Otto,Otto
Privatisierung,privatization
Auftakt,Opening
zweier,two
richtet,directs
Einheiten,Units
Versuche,Try
Zellen,cells
Mengen,Quantities
beziehen,relate
führende,leading
Schiff,Ship
umfaßt,includes
Inszenierung,Staging
Begegnung,encounter
ähnliche,similar
Großteil,majority
Theorie,theory
Gerhard Schröder,Gerhard Schröder
denke,think
vermittelt,conveyed
in Sachen,in matters
demokratischen,democratic
Zürich,Zurich
Stellungnahme,opinion
welches,which
erschossen,shot
gekauft,bought
Maß,measure
Dienste,Services
gesperrt,blocked
Gestalt,shape
Stein,Stone
Neubau,New building
weisen,show
harten,hard
forderten,demanded
feiert,celebrates
extrem,extreme
allgemein,generally
Diesen,This
voran,forward
Versorgung,supply
Eis,Ice
billiger,cheaper
überprüfen,check
Mannheim,Mannheim
betrifft,regards
verwies,referred
Demonstranten,demonstrators
minus,minus
mögen,like
Notwendigkeit,need
überlassen,left
lädt,loads
schicken,send
vorhandenen,existing
notwendige,necessary
Foto,photo
Bezeichnung,Designation
finanziell,financially
Dank,Thanks to
Schneider,Schneider
ehe,before
Image,image
Belgien,Belgium
gefährlich,dangerous
betrieben,operated
Freiburg,Freiburg
Steigerung,increase
durchschnittlich,average
Schwerpunkt,focus
baut,builds
elektronischen,electronic
Rußlands,Russia's
Dokumentation,documentation
Ablehnung,Rejection
dargestellt,shown
geklärt,clarify
Brücke,Bridge
dreißig,thirty
Bewußtsein,Consciousness
glücklich,happy
alleine,alone
Einstellungen,Settings
ferner,further
gewachsen,grown
empfiehlt,recommends
errichtet,erected
egal,doesn't matter
legten,laid
Einstieg,Entry
beteiligten,involved
Osteuropa,Eastern Europe
scheinbar,apparently
Reich,Rich
kostenlos,for free
Anteile,Shares
älteren,older
geriet,got
Ärger,Trouble
Länge,length
Verzicht,renunciation
Elemente,elements
gesorgt,provided
Menschenrechte,Human rights
weiße,white
Gestaltung,Design
Teams,Teams
gebildet,educated
ruhig,quiet
Premierminister,prime minister
kurzfristig,short term
Jerusalem,Jerusalem
Geräte,Devices
Mund,mouth
Lafontaine,Lafontaine
Vereins,Club
gefahren,driven
Früher,Earlier
Jugoslawien,Yugoslavia
L,L
jenseits,beyond
wechseln,change
versuchten,tried
sank,sank
samt,velvet
polnischen,Polish
Autobahn,Highway
grüne,green
gehörten,belonged
Herkunft,Origin
Rückzug,retreat
David,David
Potsdam,Potsdam
Hinzu,In addition
Bill Clinton,Bill Clinton
Garten,Garden
betragen,be
dpa-AFX,dpa-AFX
diskutieren,discuss
Architektur,architecture
sterben,die
Teufel,Devil
Kommunisten,Communists
erzielen,achieve
Verteidigungsminister,Defense Minister
Fahrzeug,vehicle
Bestand,Inventory
Moderne,Modern
John,John
Institutionen,Institutions
Viel,Much
womöglich,possibly
Lauf,Run
beschränkt,limited
Glas,Glass
aufgehoben,lifted
Szenen,scenes
wahr,true
lebenden,living
auftreten,appear
Vorfeld,Aprob
ansonsten,otherwise
Transport,transport
zeichnet,draws
Strafe,Penalty
hinten,rear
jetzigen,current
neuesten,newest
Bett,Bed
bestätigen,confirm
gesunken,sun
erhielten,received
Parteitag,Party congress
Krieges,war
Verbot,prohibition
Beispiele,Examples
sahen,saw
Sendung,Broadcast
verbreitet,spread
erfolgreichen,successful
Vielmehr,Rather
Eintritt,admission
gezahlt,paid
Belgrad,Belgrade
kümmern,take care
zustande,a
Durchschnitt,Average
Vordergrund,foreground
antreten,compete
teurer,more expensive
Solidarität,solidarity
steigern,increase
wünschen,wish
Philosophie,philosophy
gesetzlichen,statutory
Ganze,Whole
Türen,Doors
US-Dollar,US dollars
Alfred,Alfred
riesigen,huge
vergeblich,vain
zumeist,mostly
konzentrieren,focus
Maler,painter
Manchmal,Sometimes
raus,out
schlicht,simply
bereitet,prepares
Hochschule,college
Bundestrainer,national coach
veranstaltet,organized
unklar,unclear
Vorgänge,processes
großem,large
Perspektive,perspective
bewertet,rated
Kaiser,Emperor
breit,broad
lehnt,lean
üblich,usual
Signal,signal
maximal,maximum
Klinik,clinic
Käufer,buyer
Dame,lady
entschlossen,determined
reagierte,reacted
einziger,only
bestehe,exists
Auflösung,resolution
Forum,forum
brachten,brought
Beine,Legs
Küche,Kitchen
Glauben,Believe
schwierigen,difficult
Customizing,Customizing
gelöst,solved
Griff,Handle
wahren,true
Züge,Trains
akzeptieren,accept
gemeint,meant
Betreuung,Care
gestalten,design
betrug,fraud
inneren,inner
erteilt,granted
Ausschuß,Committee
dreimal,three times
Dax,DAX
Gedichte,Poems
investieren,invest
verhaftet,arrested
Yen,yen
sowjetischen,Soviet
Mexiko,Mexico
vorigen,previous
abends,at evening
Palästinenser,Palestinians
menschliche,human
erwiesen,proven
bot,bot
Hauptversammlung,Annual General Meeting
innen,inside
Dänemark,Denmark
militärische,military
Argument,argument
Verantwortlichen,Responsible
Haut,skin
Angeklagte,accused
Aufwand,Expense
reine,pure
Distanz,distance
einstellen,set
Betrieben,operated
Zuvor,Before
RTL,RTL
Konjunktur,economic situation
Bernhard,Bernhard
irgendwo,somewhere
Park,park
sagten,said
Damen,Ladies
unterschiedlich,different
offizielle,official
umstrittenen,controversial
harte,hardness
Beschäftigte,Employees
Amtszeit,term of office
gesellschaftlichen,social
laufende,ongoing
Hinter,Behind
Konto,Account
International,International
Ursachen,causes
im übrigen,moreover
vorn,front
ausgezeichnet,excellent
gelesen,read
teilen,split
akzeptiert,accepted
absolut,absolutely
bestellt,ordered
verweist,refers
vieles,many
Überzeugung,conviction
Vermögen,Assets
Politikern,politicians
schnellen,fast
denkbar,conceivable
Fotos,Photos
gemessen,measured
freuen,be happy
Sprung,Jump
stimmen,voices
reichlich,plenty
Restaurant,restaurant
gestrichen,cancelled
gewarnt,warned
achten,regard
abgeben,hand over
Friedrich,Frederick
Akten,Files
Küste,coast
wirtschaftlich,economically
jüngst,recently
berufen,appointed
schnelle,fast
Briefe,Letters
räumte,cleared
Kaffee,Coffee
Gelder,funds
Symbol,symbol
Gebühren,Fees
kleineren,smaller
Europäer,Europeans
Johann,Johann
Interessenten,Interested parties
entscheidet,decides
teilt,shares
Italiener,Italian
Parameter,parameter
Freunden,friends
verschwunden,disappeared
stecken,put
garantiert,guaranteed
Zuwachs,growth
Gerechtigkeit,justice
Rand,edge
Angestellten,employees
Haushalte,households
weltweiten,worldwide
ausgestattet,equipped
Club,Club
nieder,low
bestehende,existing
einfache,simple
geschätzt,estimated
UNO,U.N.
B.,B.
Moskauer,Moscow
Spekulationen,Speculation
nachmittag,afternoon
produzieren,produce
Ebenso,As well
Mühe,Effort
Phantasie,imagination
Berater,Advisor
Medizin,medicine
geleistet,performed
stößt,encounters
Tode,Deaths
teil,part
vorwiegend,predominantly
konzentriert,concentrated
Umweltschutz,environmental protection
vgl,cf.
freiwillig,voluntarily
verursacht,caused
H.,H.
Alte,Old
Steuerreform,Tax reform
FR,FR
Hafen,Harbor
allmählich,gradually
von Anfang an,from the beginning
Wirtschaftsminister,Minister of Economic Affairs
überzeugen,convince
Kurden,Kurds
teils,part
Diskussionen,Discussions
Vorgänger,predecessor
Konzentration,concentration
verschiedener,various
Jahrzehnte,decades
veröffentlichten,published
begeistert,enthusiastic
beenden,finish
Richard,Richard
Tagesordnung,agenda
Fleisch,Meat
Barcelona,Barcelona
Schnitt,cut
Drogen,Drugs
mitgeteilt,notified
leitet,leads
nachts,at night
Anwohner,Residents
Export,export
Regel,Rule
mittels,by
besuchen,visit
Handlung,Plot
erworben,acquired
brach,broke
breiten,wide
Gerät,Device
Ohren,ears
konkreten,specific
Würde,Would
gäbe,would
Ablauf,Sequence
fließen,flow
Bezug,Relation
Ukraine,Ukraine
Eingang,Entrance
entschied,decided
Flugzeug,Airplane
Erkenntnisse,Findings
Stock,stock
aussehen,look
froh,glad
treibt,drives
Haben,Have
einfachen,simple
gepflegt,well-maintained
gestanden,confessed
beitragen,contribute
Zähler,counter
beantragt,applied for
Gefühle,feelings
ergab,resulted
Wesen,Nature
betreibt,operates
brauche,need
überprüft,checked
Auflage,Edition
besetzten,occupied
Erinnerungen,Memories
Jazz,jazz
untergebracht,accommodated
Stern,star
Mangel,Shortage
interessant,interesting
Tasche,Bag
Scharping,Scharping
verschoben,delay
Hund,Dog
Barbara,Barbara
volle,full
melden,report
d.h.,i.e.
Demonstration,demonstration
weshalb,for what reason
berühmten,famous
Dokument,document
Öl,oil
EU-Kommission,EU Commission
anerkannt,recognized
genannten,mentioned
berichteten,reported
echte,real
DW,DW
reduzieren,reduce
Bundes,Federal
komplett,completely
Verbindungen,Connections
Mainz,Mainz
sprachen,languages
fliegen,fly
liebsten,I love you
folgende,following
Maßnahme,measure
Konzerns,Group
Gemeinderat,Municipal Council
Hinsicht,Regarding
benutzen,use
richten,direct
Mehrere,Several
Adresse,address
Asylbewerber,asylum seekers
eine Reihe von,a number of
Ludwigsburg,Ludwigsburg
Meldung,Report
Modelle,Models
Schließung,closure
Umbau,renovation
speziell,special
Vaters,father's
verlangte,demanded
Fachleute,experts
Chaos,chaos
Zehn,Ten
abgesehen,apart from
auf jeden Fall,in any case
Reaktionen,Reactions
monatlich,monthly
Operation,operation
geäußert,expressed
hinnehmen,accept
gebraucht,needed
Krankenkassen,Health insurance companies
fünfzig,fifty
bestand,consisted
Report,report
Türken,Turks
Kroaten,Croatians
dachte,thought
verbindet,connects
Papiere,papers
Liga,league
Mir,Me
Kombination,combination
Studien,Studies
Maße,Mass
einerseits,on the one hand
Büros,offices
Entwicklungen,Developments
scharf,sharp
wissenschaftlichen,scientific
teure,expensive
ausgebaut,expanded
teuren,expensive
Gremium,committee
Bildschirm,Screen
Eigenschaften,Characteristics
Zum Beispiel,For example
Staatsanwalt,Public prosecutor
Geschwindigkeit,speed
optimistisch,optimistic
innere,inner
überlegen,superior
hoffe,hope
dir,you
Sätze,Sentences
gefaßt,composed
anhand,based
formuliert,formulated
Chinas,China's
räumt,clears
Ehefrau,Wife
gewissen,conscience
morgens,morning
erfassen,capture
J.,J.
Stars,Stars
Absatz,Paragraph
Sturm,Storm
begrenzt,limited
im Gegensatz zu,as opposed to
Eigentümer,owner
klagt,complains
löst,solves
Staatssekretär,State Secretary
Ihrem,your
Militärs,military
finde,find
Aufstieg,Ascent
Gebiete,areas
Genossen,Comrades
Kinkel,Kinkel
Rente,pension
kommende,upcoming
Marktanteil,market share
Ware,Goods
kämen,come
ergänzt,added
Genf,Geneva
gestaltet,designed
normale,normal
Katalog,catalog
stünden,would be
heutige,today
Veränderung,change
Systeme,Systems
vierte,fourth
Datum,Date
Arbeitsplätzen,jobs
Finger,finger
Zufall,Coincidence
Wolf,wolf
Standard,standard
Griechenland,Greece
Rechtsanwalt,lawyer
Unterschiede,Differences
verschwinden,disappear
betreut,supervised
demnach,according to
Dokumente,Documents
Armut,Poverty
verfolgen,track
erfolgreiche,successful
Gebrauch,use
Steuer,Tax
Prag,Prague
zurückzuführen,to be attributed
hinterher,after
S,S
Kampagne,campaign
Tanz,dance
bezieht,refers
Geburt,birth
existiert,exists
startet,starts
Hermann,Hermann
Geheimnis,Secret
Ansprüche,Claims
Arm,arm
Lange,Long
wirkte,seemed
Rudolf,Rudolf
Arme,poor
treiben,to drive
Umzug,Relocation
Verletzung,Injury
Lasten,loads
lässt,lets
Theo Waigel,Theo Waigel
Premier,premier
Scheitern,Fail
unterzeichnet,signed
Muster,Pattern
Lufthansa,Lufthansa
befand,was
Sicherung,Security
abgegeben,submitted
gewünschten,desired
jahrelang,years
aufgegeben,abandoned
abgebaut,dismantled
Masse,mass
Abzug,Deduction
begrüßt,welcomed
käme,would come
zitiert,quoted
drücken,press
niedriger,lower
kurzer,short
kontrolliert,controlled
Radio,radio
verlegt,moved
freut,happy
Anschließend,Afterward
erheblichen,significant
versprochen,promised
spezielle,special
fünften,fifth
breite,width
Verlängerung,extension
Angehörigen,relatives
Star,star
Gegend,Area
direkten,direct
Karte,Map
Schätzungen,Estimates
letzter,last
erinnerte,remembered
Instituts,Institute
Generalsekretär,Secretary General
schauen,look
seinerzeit,at that time
Turnier,tournament
leichte,light
i,i
Technologie,technology
Ost,East
Profis,Professionals
Kiel,Kiel
Genau,Exactly
engen,narrow
absolute,absolute
Fritz,Fritz
Handeln,Act
Aufschwung,upswing
Vertretern,representatives
Nazis,Nazis
Wilhelm,Wilhelm
aufgestellt,set up
Kilometern,kilometers
gesteigert,increased
Unterdessen,Meanwhile
Minus,Minus
Zentrale,Headquarters
Paar,Couple
Religion,religion
Seitdem,Since
österreichischen,Austrian
Beifall,Applause
Merkmale,Features
Grundstück,Property
TAGESSPIEGEL,TAGESSPIEGEL
halbes,half
Tschetschenien,Chechnya
Sarajewo,Sarajevo
Kurt,Kurt
Herrschaft,rule
verbinden,connect
wissenschaftliche,scientific
Tier,animal
gesenkt,lowered
Verteidiger,defender
Öffnung,opening
drohen,threaten
einziges,only
umgekehrt,vice versa
Konflikte,conflicts
Ähnlich,Similar
Baum,Tree
Kapitän,captain
planen,plan
U,U
ots,ots
betrachten,regard
Front,front
geliefert,delivered
Gastgeber,host
entsprechen,are equivalent to
Angelegenheit,matter
Stadion,stadium
trennen,separate
lebte,lived
längere,longer
Gefahren,Driven
Produkten,products
Senkung,Reduction
kritisch,critical
Anschluß,Connection
gegenseitig,each other
Darmstadt,Darmstadt
wachsenden,growing
Böblingen,Böblingen
wuchs,growth
Spenden,Donate
zugelassen,approved
Lastwagen,truck
klären,clear up
Ulrich,Ulrich
Schönheit,beauty
Antworten,Answer
Milosevic,Milosevic
Bezirk,district
Liberalen,Liberals
Vielzahl,variety
feststellen,notice
Abschaffung,abolition
in der Tat,Indeed
geringen,low
erkennt,recognizes
Sozialhilfe,social assistance
Stabilität,stability
Einzelheiten,Details
Orchester,orchestra
Eigener,Own
Deutsch,German
Sänger,Singer
durchs,through
Kämpfe,Fights
Fraktionen,Factions
klaren,clear up
Weiter,Further
erzeugen,generate
vorübergehend,temporary
Franc,franc
beklagt,complains
elektronische,electronic
gibt's,is there
bezogen,related
Anlegen,Invest
derzeitigen,current
Graf,Count
Unterricht,Instruction
Stadtverwaltung,City administration
Krankheiten,Diseases
Kommentar,comment
Etat,budget
tiefer,deeper
Minderheit,minority
Index,index
Ankündigung,announcement
Brigitte,Brigitte
eigentlichen,actual
beigetragen,contributed
Umsätze,Sales
tat,did
einstigen,former
durchgesetzt,enforced
seither,since then
Aufruf,call
rufen,call
Rumänien,Romania
Augsburg,augsburg
Einladung,Invitation
gewährt,granted
bewiesen,proven
Regelungen,Regulations
West,West
bricht,breaks
Landrat,District Administrator
zugute,benefit
hingewiesen,pointed out
langer,long
versicherte,insured
streng,strictly
Hunderte,Hundreds
Unterlagen,Documents
Schlag,hit
sammeln,collect
Instrument,instrument
Bischof,bishop
holte,got
Aussichten,Outlook
Kredite,Loans
äußern,express
TV,TV
Verteilung,distribution
achtziger Jahre,eighties
Proteste,Protests
hohem,high
geringe,low
Bestandteil,ingredient
Vorschriften,Regulations
Israels,Israel's
Westdeutschland,West Germany
Joachim,Joachim
jederzeit,at any time
suchte,searched
Botschafter,ambassador
Tageszeitung,Daily newspaper
Infrastruktur,Infrastructure
ändert,changes
Bayerischen,Bavarian
NATO,NATO
verlängert,extended
aller Welt,all over the world
geworfen,thrown
Respekt,respect
Subventionen,Subsidies
derartige,such
lieben,love
Ring,ring
technisch,technically
Plänen,plans
angesehen,viewed
Deutsche Bank,Deutsche Bank
englische,English
Akt,act
Vogel,Bird
sinken,sink
Mercedes,Mercedes
Herausforderung,Challenge
wenden,turn around
lsw,lsw
Frankfurt/Main,Frankfurt/Main
hierzu,this
Wandel,change
Angestellte,Employee
Handwerk,Craftsmanship
Tote,dead
Stoiber,Stoiber
singen,sing
Bekämpfung,Control
Ensemble,ensemble
Besetzung,occupation
Erstmals,For the first time
belegen,prove
perfekt,perfect
gemäß,according to
gesammelt,collected
Helfer,helper
Definition,definition
wider,against
versorgt,provided
Jobs,Jobs
Show,show
Volkes,people
Verbände,Associations
Bearbeitung,editing
Flächen,areas
Rainer,Rainer
empfangen,received
konsequent,consistently
sozusagen,so to speak
lauter,loud
Datenbank,database
wohnen,reside
Institute,Institute
dicht,dense
Darauf,On it
Delegierten,Delegates
Offenbach,Offenbach
Alkohol,alcohol
eingeleitet,initiated
Bevor,Before
vermuten,assume
Hanau,Hanau
ca,approx
drohte,threatened
Jan,Jan
Daneben,In addition
ehemaliger,former
Erzählung,narrative
Uwe,Uwe
Arbeitslosen,unemployed
ernsthaft,seriously
Streik,strike
gefällt,pleases
Armen,Poor
schaut,looks
jenem,that
schuldig,guilty
erfährt,learns
Niederlanden,Netherlands
Statistik,statistics
Kreisen,circles
Medikamente,Medications
Bürgerhaus,Community Center
verhandeln,negotiate
Gegenstand,Object
Oberfläche,surface
befreit,freed
verhalten,behave
griechischen,Greek
PC,PC
ermordet,murdered
amerikanischer,American
binnen,within
kulturellen,cultural
Konsequenz,consequence
drängen,urge
Heidelberg,Heidelberg
hab,have
erläuterte,explained
City,City
stärken,strengthen
anläßlich,on the occasion of
verkündet,announced
Zusammen,Together
stieß,encountered
Gas,gas
gezielt,targeted
Quelle,source
Volumen,volume
Schaffung,creation
Malerei,painting
Madrid,Madrid
Sechs,Six
K.,K.
Verpflichtung,engagement
handele,trade
Tiefe,depth
Stufe,Level
Mütter,mothers
Zeilen,lines
Leider,Unfortunately
studierte,studied
engagiert,committed
verweigert,refused
Ihm,Him
eines Tages,one day
dran,your turn
verteidigen,defend
stelle,position
Laden,Load
daneben,besides
einzig,only
Temperaturen,Temperatures
Preisen,Prices
bedient,operate
rechte,right
rote,redness
jüdische,Jewish
Träger,carrier
genaue,precise
überschritten,exceeded
Ehre,Honor
wahre,true
wieviel,how much
ausgeführt,executed
Anträge,Applications
Esslingen,Esslingen
endete,ended
Angriffe,attacks
Chemie,Chemistry
Serbien,Serbia
mehrmals,several times
Kleinen,Small
Einsparungen,Savings
einander,each other
internen,internal
eigens,specifically
Sponsoren,Sponsors
Streitkräfte,Armed Forces
leidet,suffers
vorsichtig,cautious
genauer,more precisely
Klassen,classes
Bitte,Please
darstellen,represent
politisches,political
Häusern,houses
Truppe,troop
bedarf,requirement
normal,normal
Telephon,telephone
Kassel,kassel
Rundfunk,Broadcasting
Schnee,Snow
Abrechnung,Invoice
stoppen,stop
damalige,then
Kriminalität,crime
erwarteten,expected
Thüringen,Thuringia
örtlichen,local
Schau,Look
versehen,provided
durchführen,carry out
speziellen,special
vollen,full
Nutzen,To use
Hinblick,With regard to
Tagung,meeting
versetzt,moved
Zuordnung,Assignment
südlich,south
D,D
schätzen,treasure
Sprachen,Languages
zurückkehren,return
chinesische,Chinese
riesige,huge
kämpft,fight
Stich,engraving
Begeisterung,enthusiasm
Innerhalb,Within
umfassende,comprehensive
zustimmen,agree
Bewegungen,movements
Nürnberger,Nuremberg
inszeniert,staged
kritischen,critical
ökologischen,ecological
zugestimmt,agreed
Tour,tour
genehmigt,approved
Nummer eins,Number one
Ausgang,Exit
These,thesis
Sachen,Things
Mode,fashion
Müll,Garbage
zufällig,randomly
zurückgewiesen,rejected
Absage,Cancellation
Sand,sand
Profil,profile
gerufen,called
Vernunft,reason
Unglück,accident
Entlastung,Relief
Korruption,corruption
Amsterdam,Amsterdam
dreht,turns
feste,fixed
Zerstörung,destruction
Rhein,Rhine
Mörder,Murderer
fehlte,missing
Niederlande,Netherlands
All,All
Tourismus,tourism
Lohn,Salary
durchzusetzen,to enforce
Autorin,author
zurückgegangen,declined
Gottes,God
direkte,direct
mittleren,medium
Komponenten,Components
C,C
Ansatz,Approach
Einzelhandel,retail
Element,element
live,live
Historiker,historian
frisch,fresh
kritische,critical
singt,sings
Last,load
Vielfalt,diversity
klassische,classic
erlitten,suffered
Moral,Moral
Beschreibung,Description
trafen,met
Schiedsrichter,referee
deutsch,German
Vorsprung,projection
Hitler,Hitler
kulturelle,cultural
Sekunde,second
Erich,Erich
größter,largest
Kandidat,candidate
enge,narrow
Fluß,Flow
ähnlichen,similar
gefolgt,followed
Einmal,Once
meistens,mostly
Gegenüber,Opposite
westdeutschen,West German
passen,fit
regionalen,regional
Boris Jelzin,Boris Yeltsin
quer,across
Mediziner,Physicians
Günther,Günther
genießen,enjoy
Fortschritt,Progress
Gramm,grams
essen,eat
traditionelle,traditional
Prof,Prof
Marktwirtschaft,Market economy
leichten,light
entwickelten,developed
ursprünglichen,original
Militär,Military
Überraschung,Surprise
Vision,vision
FC Bayern,FC Bayern
Norwegen,Norway
wünscht,wishes
Stürmer,striker
gegenwärtigen,present
FRANKFURT,FRANKFURT
inklusive,including
Journalist,journalist
Station,station
sozialistischen,socialist
Rolf,Rolf
zuversichtlich,confident
Zweiten Weltkrieg,World War II
geeinigt,agreed
Ferner,Further
liebt,loves
ausgehen,go out
internationaler,international
unterscheidet,differs
Museen,Museums
Affäre,affair
serbische,Serbian
Töne,tones
intensiv,intensive
deutlicher,more clearly
fassen,grasp
Aufführung,performance
Zahlung,payment
Transaktion,transaction
Prognose,forecast
War,Was
versprach,promised
Wein,Wine
Mailand,Milan
Uni,University
Ursula,Ursula
evangelischen,Protestant
Portugal,Portugal
Vortag,previous day
Büchern,books
normalerweise,normally
meldet,reports
Motiv,Motif
ließe,let
Schleswig-Holstein,Schleswig-Holstein
Durchbruch,breakthrough
Wünsche,Wishes
erkennbar,recognizable
vornehmen,do
erleichtert,relieved
ausgewiesen,designated
Schumacher,Schumacher
Lieder,Songs
Fr,Fri
Geschehen,Happen
arabischen,Arabic
drin,inside
niedrigen,low
nutzt,uses
vielfach,many times
Christen,Christians
Wieder,Again
Versicherungen,Insurance
umstrittene,controversial
OB,WHETHER
Quellen,Sources
Wiedervereinigung,reunion
folgten,followed
Fakten,Facts
aufgelöst,resolved
Ägypten,Egypt
eröffnen,open
benötigen,need
gründete,founded
vertraut,trusted
Zuschüsse,grants
erhältlich,available
fortsetzen,continue
Hals,Neck
Inseln,islands
Zusätzlich,Additionally
Bayerns,Bavaria
n,n
präsentierte,presented
Klub,club
ermitteln,determine
Buches,book
Therapie,therapy
öfter,more often
verdanken,owe
Schlagzeilen,Headlines
Erwachsene,Adult
Konsens,consensus
katholische,Catholic
Explosion,explosion
fügte,added
dunklen,dark
beschloß,decided
wachsende,growing
Generationen,Generations
sobald,as soon as
ungewöhnlich,unusual
öffnet,opens
Parlaments,Parliament
Jedes,Each
schwieriger,more difficult
drauf,on it
enger,narrower
Argumente,Arguments
Gipfel,summit
erstellen,create
Perspektiven,Perspectives
Bauer,farmer
gelingen,succeed
verläßt,leaves
Kann,Can
Parteichef,Party leader
Phänomen,phenomenon
umstritten,controversial
scheiterte,failed
bemerkt,noticed
Alternativen,Alternatives
Johannes,Johannes
Gerüchte,rumors
III,III
Ausmaß,extent
Treffer,hit
Insbesondere,In particular
Lebensmittel,Groceries
Stolz,Proud
IWF,IMF
heftigen,violent
bemühen,make an effort
Kammer,chamber
Schülern,students
globalen,global
Branchen,Industries
redet,talks
Passagiere,passengers
gebunden,bound
Rücksicht,consideration
drastisch,drastic
Option,option
Lieferung,Delivery
Menschheit,humanity
reinen,pure
Haare,Hair
ökologische,ecological
Schäfer,shepherd
Los Angeles,Los Angeles
entdecken,discover
Plätzen,places
Durchführung,implementation
fürchtet,fears
angeben,indicate
Jörg,Jörg
beherrscht,masters
Sturz,Fall
weitaus,far
sofern,provided
existieren,exist
reisen,travel
organisieren,organize
Skandal,scandal
Räumen,rooms
auseinander,apart
zugrunde,underlying
IBM,IBM
Tieren,animals
Nachwuchs,offspring
St.,St.
Treffpunkt,Meeting point
gelangt,reached
derweil,meanwhile
Sozialisten,Socialists
Rollen,Roll
wendet,turns
hinterlassen,leave behind
Greenpeace,Greenpeace
überflüssig,superfluous
Lohnfortzahlung,Continued payment of wages
Vorgaben,Specifications
niederländischen,Dutch
spielten,played
verringert,reduced
Abwehr,Defense
geschützt,protected
Annahme,assumption
getrieben,driven
erreichten,reached
Japaner,Japanese
stärksten,strongest
Kreise,Circles
Belegschaft,workforce
generell,generally
Solange,As long as
städtische,municipal
Einsicht,Insight
Anzeigen,Show
böse,evil
parallel,parallel
Wagner,wagner
kontrollieren,control
erstenmal,first time
Vorstandsmitglied,Board member
Fähigkeit,Capability
Anliegen,Issue
Befreiung,liberation
total,total
Mannschaften,Teams
Bundespräsident,Federal President
Test,test
vorläufig,provisional
Zeile,Line
gebucht,booked
Abends,At evening
Mythos,myth
Veröffentlichung,publication
vierzig,forty
umfassenden,comprehensive
Ansonsten,Otherwise
werben,advertise
Gehirn,Brain
erwerben,acquire
Substanz,substance
unteren,lower
Rostock,Rostock
Überprüfung,examination
Rentner,Pensioner
zweites,second
DGB,DGB
Vorstoß,Initiative
sichergestellt,ensured
deutlichen,clear
musste,had to
Gesetzgeber,Legislator
gleichermaßen,likewise
bewahren,preserve
Motive,Motives
erledigt,completed
vorlegen,present
Kindergarten,Kindergarten
vertritt,represents
Deren,Whose
weiten,wide
Sowohl,As well as
Schwarz,Black
demokratische,democratic
Akademie,academy
löste,solved
aufzunehmen,to record
Luxemburg,Luxembourg
euch,you
empfehlen,recommend
linke,left
erwähnt,mentioned
vergleichsweise,comparatively
schönsten,most beautiful
Kleine,Small
Entdeckung,discovery
Taten,actions
Waffe,weapon
löschen,delete
Golf,golf
etliche,several
Zugriff,access
Leverkusen,Leverkusen
einzelner,individual
jenes,that
Stellvertreter,Deputy
Mittlerweile,In the meantime
hierfür,for this
Loch,Hole
verwandelt,transforms
kehrt,returns
eingeräumt,granted
Holding,Holding
Ansehen,View
ausfallen,stand out
Merkmal,feature
Regierungschefs,Heads of government
DFB,DFB
öffentlicher,public
Immer wieder,Again and again
Füßen,feet
letztes,last
Stoffe,Fabrics
Regime,regime
Schweigen,Be silent
Periode,period
feierte,celebrated
durften,were allowed
for,for
Abenteuer,adventure
endgültige,final
bittet,requests
Redaktion,Editorial staff
Reden,Talk
Gästen,guests
versteckt,hidden
Immobilien,property
Kilo,kilo
gerichtet,directed
Ludwig,Ludwig
Börsen,stock exchanges
benachbarten,neighboring
echten,real
bezeichnen,design
Überblick,overview
konservativen,conservative
Kündigung,Termination
Ausstattung,equipment
Belastungen,burdens
verarbeitet,processed
Staatspräsident,President
Zumindest,At least
Qualifikation,qualification
krank,sick
stehenden,standing
Faust,fist
Freistaat,Free State
Soll,Should
angesprochen,addressed
untersuchen,investigate
Landeshauptstadt,state capital
Fazit,Conclusion
jemals,ever
Umstellung,Changeover
spanische,Spanish
Enttäuschung,disappointment
Komponente,component
Verbandes,Association
gewußt,known
brechen,break
handelte,acted
Lediglich,Only
berücksichtigen,take into account
rot-grünen,red-green
gerettet,rescued
veröffentlichte,published
müde,tired
vorgesehenen,intended
streiten,argue
genügt,sufficient
Kulturen,Cultures
Telekommunikation,telecommunications
ehemals,formerly
Sachsen-Anhalt,Saxony-Anhalt
herrschte,prevailed
beschreiben,describe
steigenden,rising
Meldungen,Reports
Kindheit,childhood
bewölkt,cloudy
Oft,Often
freundlich,friendly
Betreiber,operator
Hanauer,Hanauer
besorgt,worried
restlichen,remaining
erlauben,allow
Etwas,Something
UN,U.N.
gestoßen,bumped
Bibliothek,library
verschaffen,provide
Berichten,Report
kommunistischen,communist
Gute,Good
Lied,song
Agentur,agency
christlichen,Christian
Gemeinsam,Together
Erwerb,Acquisition
Sportler,sportsman
Nationalspieler,national player
geborene,born
Quote,Quote
berechnet,calculated
Partnerschaft,partnership
Komödie,comedy
Bürgerkrieg,Civil War
religiösen,religious
Offenbar,Apparently
Münchener,Munich
Einzug,Move-in
schwach,weak
quasi,quasi
schildert,describes
Sonst,Otherwise
Motor,Motor
Rettung,rescue
aufgeben,give up
drängt,urges
geholfen,helped
Dialogfenster,Dialog window
Schuß,Shot
verglichen,compared
Protokoll,protocol
sozial,social
Christine,Christine
Zunahme,increase
Börsengang,IPO
Wohl,Probably
vermag,able to
gestoppt,stopped
Offensive,offensive
Versprechen,Promise
gehöre,belong
behandeln,treat
Sogar,Even
gelaufen,walked
Do,do
Brüder,Brothers
mitunter,sometimes
Entlassung,Dismissal
Steffi Graf,Steffi Graf
aufgeführt,listed
Inflation,inflation
Übergang,transition
Monika,Monika
bearbeitet,edited
Sicher,secure
Löhne,Wages
Filmen,Film
Arbeitsgruppe,Working group
voneinander,each other
heimischen,local
Bundesverfassungsgericht,Federal Constitutional Court
keinesfalls,absolutely not
gefüllt,filled
Unrecht,injustice
eingegangen,received
Im übrigen,Moreover
Magazin,magazine
Detail,detail
Innenministerium,Ministry of the Interior
Kürzungen,Cuts
begannen,began
begegnen,encounter
entdeckte,discovered
geholt,fetched
massiven,massive
umgehen,evade
Potential,potential
einfacher,simpler
verließ,left
weite,wide
Münster,Muenster
Rock,rock
Franken,Franconia
Sanktionen,Sanctions
anfangs,initially
jüngeren,younger
Vizepräsident,Vice President
Köpfe,Heads
Bayer,Bayer
verständlich,understandable
Weniger,Fewer
eingeben,input
zugesagt,promised
mit Blick auf,with a view to
mehrerer,several
Eines,One
Besuchern,visitors
blauen,blue
Ehemann,Husband
Haar,hair
hinsichtlich,regarding
Defizit,deficit
Bach,Bach
Halbfinale,Semi-final
Fortschritte,progress
Fax,fax
Zur Zeit,Currently
lebende,living
skeptisch,skeptical
Vermittlung,mediation
reichte,was enough
Karin,Karin
Irland,Ireland
Gesetzentwurf,Draft law
realisiert,realized
Verfolgung,Persecution
Freundschaft,friendship
Fähigkeiten,skills
geleitet,led
Tages,Day
Reduzierung,reduction
Andrea,Andrea
Senator,senator
Optimismus,optimism
Tränen,tears
westliche,western
Singapur,Singapore
leeren,empty
zwingen,force
zeitweise,temporarily
Ersatz,Substitute
to,to
Linken,Left
Flügel,wing
Erhalt,maintenance
jung,young
stimmten,voted
Außer,Except
Anstrengungen,efforts
Kalifornien,California
Bedrohung,threat
durchschnittliche,average
festgehalten,Recorded
Romans,Romans
natürlichen,natural
Versammlung,Assembly
scheitern,fail
Arbeitszeit,working hours
oberen,upper
locker,loose
eventuell,possibly
Impulse,Impulses
Opfern,Sacrifice
gestohlen,stolen
vorliegen,are
wandte,turned
drehen,turn
einstimmig,unanimously
v.Chr.,BC
unabhängigen,independent
Bertelsmann,Bertelsmann
Koch,Cook
täglichen,daily
darstellt,represents
verteidigt,defended
massiv,solid
Brüsseler,Brussels
verteilen,distribute
Messer,Knife
erforderlichen,required
entfallen,omitted
Aufhebung,Cancellation
klagen,complain
Weber,Weber
Prognosen,Forecasts
Flugzeuge,Airplanes
vergangene,past
Karlsruher,Karlsruhe
Angehörige,relatives
geltend,applicable
Geschmack,The taste
Völker,Peoples
Wall Street,Wall Street
derselben,the same
Flüchtlingen,refugees
Holland,Holland
führe,lead
Nationalmannschaft,national team
gekennzeichnet,marked
kommunalen,municipal
lokalen,local
Fassung,Version
Nationen,Nations
PKK,PKK
Ruhestand,retirement
empfohlen,recommended
Flug,Flight
Dimension,dimension
verdoppelt,doubled
dortigen,there
islamischen,Islamic
Films,Films
ausgegangen,assumed
gegründete,founded
aufbauen,build up
angeschlossen,connected
steigende,rising
wohin,where
Gegenzug,countermovement
Erbe,heritage
gesellschaftliche,social
Taiwan,Taiwan
wohnt,lives
bearbeiten,edit
Verarbeitung,processing
schöner,beautiful
Festival,festival
Arbeitslose,unemployed
Ausstellungen,Exhibitions
Argentinien,Argentina
Versicherung,Insurance
bedeute,means
lautete,read
Sozialismus,socialism
Held,hero
aufeinander,each other
Auflagen,Conditions
Aktienmarkt,stock market
bekanntlich,as is well known
nehme,take
angeht,as far as
Kompetenz,competence
Christdemokraten,Christian Democrats
im Grunde,basically
Freizeit,Leisure time
Leidenschaft,Passion
stoßen,encounter
Fabrik,Factory
reiche,rich
deutet,does not indicate
organisierten,organized
Wann,When
überwinden,overcome
Deutschen Bank,Deutsche Bank
blickt,looks
studiert,studied
Beratungen,Consultations
lebten,lived
Finanzen,Finances
Spielern,players
Chor,choir
freier,free
Laufzeit,Duration
Ali,Ali
Harald,Harald
vollkommen,completely
stattfindet,takes
Photo,photo
hob,hob
Ministerin,Minister
Präsenz,presence
ausgeliefert,delivered
angegriffen,attacked
gewohnt,used
Delegation,delegation
geltenden,applicable
Sonnabend,Saturday
exakt,exactly
Architekt,architect
Anton,Anton
Helga,Helga
zum anderen,on the other hand
Abs,Abs
heftige,intense
schwarz,black
Release,Release
Altstadt,Old Town
Modernisierung,modernization
Leiden,Suffer
Italiens,Italy's
Schiffe,ships
Bruch,fracture
füllen,fill
diesjährigen,this year
EG,EC
unterhalten,entertain
Werden,Become
begangen,committed
Wohnungsbau,housing
zugänglich,accessible
Oskar Lafontaine,Oskar Lafontaine
Erika,Erika
Ausnahmen,Exceptions
Gehalt,Salary
polnische,Polish
Diesmal,This time
N,N
Varianten,Variants
Nerven,Annoy
Flammen,Flame
Abhängigkeit,dependence
Zeuge,witness
befreien,free
zeige,show
europäischer,European
nördlich,north
Kandidatur,candidacy
lohnt,worthwhile
kommentierte,commented
steuern,steer
Islam,Islam
still,still
Programms,Programs
wesentliche,essential
Kleidung,Clothing
neuerdings,recently
anderswo,elsewhere
sage,saw
Max,Max
dorthin,there
verbesserte,improved
ausländischer,foreign
gründen,found
errichten,erect
Rahmenbedingungen,Framework conditions
Märkten,markets
Komponisten,Composers
Märchen,Fairy tale
Inhalte,Contents
Null,Zero
Kubikmeter,cubic meters
Marketing,marketing
nötigen,necessary
Arbeitsamt,Employment office
Planungen,plans
Bezirksausschuß,District Committee
Pressesprecher,Press spokesman
Unterhaltung,Entertainment
dokumentiert,documented
Bedingung,Condition
Tübingen,Tübingen
Weder,Neither
Zeichnungen,Drawings
gewannen,won
Sabine,Sabine
Dass,That
plädiert,pleads
Übertragung,transmission
bist,are
gekostet,cost
Bearbeiten,Edit
Lesen,To read
getreten,kicked
USD,USD
leise,quiet
überdies,moreover
Mißbrauch,Abuse
Klubs,Clubs
überleben,survive
Termine,Appointments
verantworten,to be responsible
stirbt,dies
Exil,exile
kommentiert,commented
Effekt,effect
palästinensischen,Palestinian
konfrontiert,confronted
Leiche,Corpse
Prozesse,Processes
dramatisch,dramatic
stimmte,agreed
Stadtwerke,municipal utilities
Lächeln,Smile
Berechnungen,calculations
fügt,adds
negativ,negative
griff,handle
Verlierer,loser
übersehen,overlook
Mitternacht,midnight
Orten,locations
CD,CD
Kindes,child
wirksam,effective
Goethe,Goethe
Instanz,Instance
fraglich,questionable
Erziehung,Upbringing
medizinische,medical
Tschechien,Czech Republic
Frist,deadline
gelöscht,deleted
Klagen,Lawsuits
Brot,Bread
einzusetzen,to use
Miete,Rent
Göppingen,Göppingen
Professoren,Professors
Wut,Fury
südlichen,southern
schlimmer,worse
Gesichter,Faces
Ralf,Ralf
Einbruch,Burglary
verraten,betrayed
interne,internal
neuem,new
W.,W.
Anzeichen,signs
eineinhalb,one and a half
zuordnen,assign
Zusammenschluß,merger
Villa,villa
schwierige,difficult
Sieben,Seven
Auswertung,Evaluation
Berechnung,calculation
Sehr,Very
befassen,deal
gewünschte,desired
unabhängige,independent
Aspekt,aspect
bekamen,received
Witz,Joke
Austausch,Exchange
schwachen,weaken
Schäuble,Schäuble
demonstrieren,demonstrate
angemeldet,logged in
fühlte,felt
interessieren,are of interest
Konkurs,bankruptcy
geschah,happened
Meisterschaft,championship
Erfüllung,Fulfillment
Engel,angel
Lieferanten,suppliers
Neuer,Newer
Inland,inland
massive,massive
Gerd,Gerd
angehören,belong
aktiven,active
fremden,strangers
gebrochen,broken
geregelt,regulated
Persönlichkeit,personality
Dresdner Bank,Dresdner Bank
Zwecke,purposes
gesetzliche,statutory
Daran,To it
zugenommen,increased
Gerichte,Dishes
Jury,jury
Humor,humor
Entfernung,distance
Römer,Romans
vorliegenden,present
genannte,mentioned
angebracht,appropriate
gewährleistet,guaranteed
Betriebsrat,Works council
Beteiligungen,Investments
gestrigen,yesterday
Fraktionschef,parliamentary group leader
UdSSR,USSR
Marktes,market
Zurückhaltung,Restraint
befaßt,deals with
Außenpolitik,foreign policy
zurückgekehrt,returned
wußten,knew
Gertrud,Gertrud
Weiß,White
Disziplin,discipline
Zusammenbruch,collapse
Bestimmungen,provisions
Stahl,Steel
Center,center
kroatischen,Croatian
bunten,colorful
Geschäftsführung,Management
Rechner,computer
Furcht,fear
verzeichnet,recorded
günstig,cheap
tiefe,depth
bewältigen,get over
Öffnungszeiten,Opening hours
heiße,hot
Autors,author
Bündnis 90/Die Grünen,Alliance 90/The Greens
Sehnsucht,Longing
Gefangenen,prisoners
Fülle,Abundance
älter,older
Mecklenburg-Vorpommern,Mecklenburg-Western Pomerania
weltweite,worldwide
Skepsis,skepticism
erweist,proves
ganzes,whole
ausgewählt,selected
Magdeburg,Magdeburg
gleichwohl,nevertheless
Grundgesetz,Basic Law
organisierte,organized
Siegfried,Siegfried
Gewissen,Conscience
kündigt,announces
geschossen,shot
bekräftigte,confirmed
Mannesmann,Mannesmann
spürbar,noticeably
Spielraum,Scope
integriert,integrated
verkündete,announced
traditionell,traditional
Syrien,Syria
fließt,flows
Eva,Eva
installiert,installed
Zum einen,On the one hand
Anwendungen,Applications
Lob,praise
stabil,stable
eigenem,own
Kinos,Cinemas
Gleich,Same
starben,died
literarischen,literary
aussieht,looks
Straftaten,criminal offenses
heran,approach
Vorstandschef,CEO
moderner,modern
Kürze,Brief
km,km
verstärken,strengthen
Dresdner,Dresden
Amtsgericht,Local Court
Ebenfalls,Also
ernannt,appointed
vertrieben,distributed
Planeten,planets
illegal,illegal
digitalen,digital
hörte,heard
momentan,at the moment
medizinischen,medical
kalt,cold
Vorjahres,Last year
weiblichen,female
brauchte,needed
Commerzbank,Commerzbank
Können,Can
erheben,raise
sozialer,social
Entschädigung,Compensation
warnen,warn
Juristen,Lawyers
besonderer,special
Schwäche,weakness
zweieinhalb,two and a half
vermieden,avoided
Konzepte,concepts
rot-grüne,red-green
beantworten,answer
Bombe,bomb
Spannungen,tensions
Faktoren,factors
dahinter,behind
via,via
demonstriert,demonstrated
Halbzeit,Half-time
Ausstieg,Exit
Ausweitung,Expansion
Gemälde,painting
Opel,Opel
Empfang,Reception
aktive,active
entziehen,withdraw
Überfall,robbery
Rendite,return
rückt,moves
erhofft,hoped
Tunnel,tunnel
berühmte,famous
gelegenen,located
erarbeitet,developed
messen,measure
individuelle,individual
schaffte,managed
funktionieren,function
Behauptung,Claim
Athen,Athens
drückt,presses
Petra,Petra
Geiseln,hostages
hast,have
Sachschaden,Property damage
gesetzlich,statutory
Ufer,Riverbank
Anpassung,Adjustment
Gesetzes,Law
Ohr,Ear
Überleben,Survive
ZEIT,TIME
Nahrung,food
Indonesien,Indonesia
Ergebnissen,Results
Vergabe,Award
vorzeitig,premature
weitem,far
konkret,specifically
verwiesen,referred
Nachfolge,Succession
kriegen,get
Feststellung,finding
bestanden,passed
versprechen,promise
Mission,mission
unbekannte,unknown
Situationen,Situations
Tabellen,tables
Lärm,Noise
Erzählungen,Stories
Diplomaten,diplomats
Spanier,Spaniards
Präsentation,presentation
leitete,led
Senioren,seniors
Leipziger,Leipzig
beeinflussen,influence
bereiten,prepare
Gabriele,Gabriele
erleichtern,facilitate
Amerikas,America's
erstaunlich,astonishing
Kontrollen,checks
Beleg,document
Läden,Shops
erfuhr,learned
männlichen,male
markiert,marked
Business,Business
gewidmet,dedicated
R.,R.
zum einen,on the one hand
Kreuz,Cross
tiefen,deep
umfangreiche,extensive
annehmen,assume
Hollywood,Hollywood
erzählte,told
Klarheit,clarity
enden,end
Erster,First
holt,gets
Senats,Senate
Sitze,Seats
Wurzeln,roots
verlaufen,get lost
Matthias,Matthias
Rechten,Rights
regiert,governs
Partnern,partners
Vogts,Vogts
Claudia,Claudia
niedrig,low
Formel,formula
bestraft,punished
Grün,Green
beauftragt,commissioned
eröffnete,opened
Renate,Renate
Signale,Signals
Olympia,Olympics
gründlich,thorough
Fertigung,production
Athleten,athletes
Ausführung,execution
Jungs,guys
Knie,Knee
Gesellschafter,Shareholder
überaus,extremely
hebt,lifts
Errichtung,Construction
sicheren,safe
Arafat,Arafat
Institution,institution
korrekt,correctly
Drama,drama
kenne,I know
Studio,studio
verringern,reduce
aufzubauen,to build
Konzerne,corporations
Zeitalter,age
Tests,Tests
Substanzen,substances
Jedenfalls,Anyway
Betten,beds
Beute,prey
Grundsatz,principle
bitten,ask
Aspekte,Aspects
Umweltminister,Environment Minister
Haß,Hate
ständigen,constant
Königin,queen
Erwachsenen,Adults
BGB,German Civil Code
manches,some
is,is
erlitt,suffered
begreifen,understand
verliehen,awarded
erhöhten,increased
Bauch,Belly
Schrift,Writing
leiten,lead
jährlichen,annual
eingeschränkt,restricted
allemal,in any case
Wiederaufbau,reconstruction
Gisela,Gisela
zunehmende,increasing
Hut,hat
indischen,Indian
Entstehung,Origin
studieren,study
nachgewiesen,proven
Angabe,Information
orientieren,orient
Ära,era
Zentralbank,Central Bank
Rheinland-Pfalz,Rhineland-Palatinate
Blätter,leaves
negativen,negative
eingehen,to
geschlossenen,closed
bedienen,serve
bevorstehenden,upcoming
Runden,Round
Hoechst,Maximum
benannt,named
weichen,soft
Bakterien,bacteria
Daniel,Daniel
glaubte,believed
Vorsitz,Chair
Konstruktion,construction
bat,bat
Klaus Kinkel,Klaus Kinkel
Balkan,Balkans
beschädigt,damaged
Weltmeisterschaft,World Championship
dicken,thick
Befragten,respondents
a.,a.
Brust,Breast
schlossen,closed
Gewinner,winner
römischen,Roman
Christoph,Christoph
meines,my
erlebte,experienced
anfangen,begin
Chirac,Chirac
niemanden,nobody
wehren,defend yourself
bisweilen,sometimes
stürzte,crashed
Leichen,Corpses
Seinen,His
Empfehlung,Recommendation
erlassen,enacted
Di,Di
gleicher,same
regionale,regional
BGH,Federal Court of Justice
gefährden,endanger
trinken,drink
Vorsicht,Caution
dramatischen,dramatic
Englisch,English
lobte,praised
Warnung,warning
günstigen,affordable
Inc.,Inc.
nachweisen,prove
unterbrochen,interrupted
Verbreitung,spread
östlichen,eastern
Anwälte,lawyers
Vorstandsvorsitzende,CEO
eingebracht,introduced
Norbert,Norbert
geht's,is going
Südwesten,southwest
Finnland,Finland
profitiert,benefits
Südkorea,South Korea
markieren,mark
Kürzung,reduction
Gleichwohl,Nevertheless
üben,practice
Umfragen,Surveys
Ausländern,foreigners
Berge,Mountains
fehlende,missing
Schrecken,horror
Jagd,hunting
angesagt,announced
rechtlich,legally
sorgten,caused
verweisen,refer
erfordert,requires
hessische,Hessian
VfB,VfB
erweitern,expand
Abschiebung,deportation
begegnet,encountered
Demokraten,Democrats
übers,about
bevorzugt,preferred
dauerte,lasted
beruht,is
Blumen,Flowers
gezählt,counted
Ulm,Ulm
Träume,Dreams
einbezogen,included
fünfzehn,fifteen
gekürzt,shortened
Photos,Photos
fester,firmer
kehrte,returned
wechselt,changes
Resultat,result
Beschwerden,complaints
zweifellos,undoubtedly
Denkmal,monument
zurückgezogen,withdrawn
Design,design
Erholung,recreation
gelebt,lived
Frankfurt am Main,Frankfurt am Main
gedroht,threatened
Lateinamerika,Latin America
Mo,Mon
Prinz,prince
Marktplatz,Marketplace
Dirk,Dirk
Café,Cafe
Acht,Eight
unbekannten,unknown
Mandat,mandate
Haftbefehl,Arrest warrant
spätere,later
diente,served
Parkplatz,parking
Künstlern,artists
Materials,Materials
G.,G.
zwangsläufig,inevitably
Vögel,birds
zählte,counted
Busse,buses
Video,video
digitale,digital
Albert,Albert
Rezession,recession
Pferde,horses
Schriften,Writings
bekämpfen,fight
Wirtschaftspolitik,Economic policy
Bestellung,Order
Hunde,dogs
Quadratmetern,square meters
Orte,places
schlimm,terrible
Gedanke,Thought
Beste,Best
nichts zu tun,unrelated to
Legislaturperiode,legislative period
Interviews,Interviews
fünfte,fifth
untereinander,among each other
trugen,wore
Selbstmord,suicide
früherer,former
Schuhe,Shoes
ausgeglichen,balanced
Unsicherheit,uncertainty
privat,private
Medium,medium
Unbekannte,unknown
etc.,etc.
abgelegt,filed
schwedischen,Swedish
sichere,safe
bosnische,Bosnian
Initiativen,Initiatives
Friedhof,Cemetery
Wände,walls
stärkere,stronger
e.V.,e.V.
Bayerische,Bavarian
Konten,accounts
wem,whom
Empfänger,Recipient
Renten,Pensions
typisch,typical
Arbeitsgemeinschaft,Working group
heuer,this year
Strecken,Stretch
US-Präsident,US President
Tal,valley
Linke,left
beeinflußt,influenced
Votum,vote
natürliche,natural
vorhandene,existing
angemessen,appropriate
komplette,complete
Weimar,Weimar
Demonstrationen,Demonstrations
Milch,Milk
Anmeldung,Registration
vergleichen,compare
Monats,Month
sportlichen,sporting
chemische,chemical
Moslems,Muslims
reich,rich
Rhythmus,rhythm
Werten,Values
Japans,Japan's
Glaubwürdigkeit,credibility
mangelnde,lack
übersetzt,translated
landen,land
F.,F.
Ehepaar,couple
wiederholen,repeat
Netanjahu,Netanyahu
Genuß,Enjoyment
Mängel,Defects
garantieren,guarantee
Coach,Coach
Reihenfolge,Series
Siedlung,settlement
kletterte,climbed
illegalen,illegal
schickt,sends
Instrumente,instruments
Globalisierung,globalization
sorgfältig,carefully
Springen,Jump
Kieler,Kiel
Welle,Wave
fehlten,missing
traten,occurred
Schock,shock
negative,negative
nötige,necessary
Möglicherweise,Possibly
RWE,RWE
Ford,ford
Glanz,shine
Schlacht,battle
wirbt,advertises
kostete,cost
Anordnung,arrangement
vereinbarten,agreed
erwies,proved
signalisiert,signals
Bochum,Bochum
Charme,charm
begrüßte,welcomed
Freilassung,release
Ankunft,Arrival
Ingrid,Ingrid
Gibt,Gives
ökologisch,ecologically
Bundestagswahl,Federal election
Verhandlung,Negotiation
Klavier,Piano
Faktor,factor
endgültigen,final
Bundesfinanzminister,Federal Finance Minister
schickte,sent
Söhne,sons
Liberalisierung,liberalization
Verleger,publisher
Vereinbarungen,Agreements
Terroristen,terrorists
Toren,Goals
Pakistan,Pakistan
Aufregung,excitement
unterhalb,below
Übersetzung,translation
Texten,Texts
strategische,strategic
Pflegeversicherung,Long-term care insurance
Investor,investor
Konditionen,Terms and conditions
vorgesehene,intended
kannte,knew
unbekannt,unknown
Krebs,Cancer
Infotyp,Infotype
Jahresbeginn,Beginning of the year
offener,open
Rühe,Rest
Triumph,triumph
rät,advises
Zahlungen,Payments
Engländer,English
chemischen,chemical
mühsam,tedious
ausbauen,expand
auszuschließen,to exclude
konservative,conservative
E.,E.
stattgefunden,took place
notfalls,if necessary
bedingt,conditional
umgehend,immediately
Wüste,Desert
Zuschuß,Grant
wenigsten,at least
Kommune,municipality
Gewerbe,Business
Experiment,experiment
Darüber,About it
angepaßt,adjusted
transportiert,transported
indessen,meanwhile
D-Mark,D-Mark
Dortmunder,Dortmund
veränderten,changed
Daraus,From this
gänzlich,completely
Österreicher,Austrian
Dasa,Dasa
bester,best
Zahlreiche,Numerous
Interpretation,interpretation
Bundestages,Bundestag
Daraufhin,Thereupon
Jahrestag,anniversary
Christa,Christa
Bergen,Bergen
geladen,loaded
Grundlagen,Basics
Dingen,things
belasten,burden
Steine,stones
Feldern,fields
Landstraße,country road
Ermittler,investigators
HSV,HSV
künstlerischen,artistic
Ausbruch,outbreak
Beschlüsse,Decisions
außerordentlich,extraordinary
anzubieten,to offer
liebe,love
ausgestellt,exhibited
streichen,cancel
Stadthalle,City Hall
Pferd,Horse
Vietnam,Vietnam
längeren,longer
ausgeben,spend
erzielten,achieved
Währungen,Currencies
Darlehen,loan
bekanntgegeben,announced
Kälte,cold
Tennis,tennis
EM,EM
siebziger Jahre,seventies
Lektüre,reading
Zelle,cell
Chinesen,Chinese
prüft,checks
Projekts,Project
Ermordung,assassination
Lesung,reading
Einzelfall,Individual case
Erkenntnissen,findings
fern,remote
heiß,hot
vornehmlich,primarily
Logik,logic
Gattung,genus
Schwung,momentum
Staatschef,Head of State
Stasi,Stasi
Hildegard,Hildegard
Bestehen,Consist
derzeitige,current
indirekt,indirect
fällig,due
Aids,AIDS
Anleihen,Bonds
Warschau,Warsaw
womit,with which
Fernseher,TV
Weltbank,World Bank
Hauptbahnhof,Main train station
räumen,clear
gedreht,turned
stellvertretender,deputy
vor Steuern,before tax
Gedicht,poem
Male,Male
siebziger Jahren,seventies
beschränken,restrict
gewähren,grant
angeordnet,arranged
Rekord,record
Vergnügen,Enjoyment
Erklärungen,Explanations
erfunden,invented
beseitigt,eliminated
zulässig,permissible
Koalitionspartner,Coalition partner
Gutachter,Expert
rechtlichen,legal
erwarte,expect
nördlichen,northern
Auschwitz,Auschwitz
Europäische,European
beantwortet,answered
genießt,enjoy
achtziger Jahren,eighties
erfolgte,took
Füße,feet
wechselte,changed
Gerichtshof,Court
Wichtig,Important
anstatt,instead of
älteste,oldest
Baustelle,Construction site
arbeitslos,unemployed
Nord,North
Geduld,patience
beweist,proves
verbundenen,associated
eingetragen,registered
Dörfer,villages
Steuerzahler,taxpayer
Nachbarschaft,neighborhood
unterschiedlicher,different
Muslime,Muslims
Tips,Tips
Elf,Eleven
Krankenhäuser,Hospitals
Aufnahmen,Recordings
Vermarktung,marketing
Kontinent,continent
beseitigen,eliminate
billig,cheap
präsent,present
jetzige,current
musikalischen,musical
Jahresüberschuß,Annual surplus
ihrerseits,in turn
Ach,Oh
verwirklichen,achieve
Mainzer,Mainz
Schichten,layers
Ärzten,doctors
erwartete,expected
Sex,sex
Lyrik,Poetry
gespeichert,saved
Torwart,goalkeeper
vornherein,from the outset
Platte,plate
Ressourcen,resources
Restaurants,Restaurants
saßen,sat
enorm,enormous
orientiert,oriented
Verfahrens,procedure
Knapp,Meager
Ersten,First
prompt,prompt
Vereinen,Clubs
Markus,Markus
Differenzen,Differences
Präsidium,Executive Board
taucht,dives
Bad Homburg,Bad Homburg
blockiert,blocked
hohes,high
Leiterin,Head
Justizminister,Minister of Justice
Umstände,Circumstances
festhalten,hold onto
fortan,from now on
strikt,strict
Einwohnern,inhabitants
musikalische,musical
Entsprechend,Accordingly
Feier,Celebration
Väter,Fathers
Israelis,Israelis
Filialen,branches
http,http
verzeichnen,record
asiatischen,Asian
erweisen,prove
französischer,French
Ursprünglich,Originally
Deswegen,Because of this
mochte,want
knappen,scarce
kräftigen,strong
Bein,leg
Klar,Clear
ökonomischen,economic
individuellen,individual
verkaufte,sold
derer,whose
Auszeichnung,award
Teilnehmern,participants
Songs,Songs
beachten,observe
gleichsam,as if
Parlamentarier,parliamentarians
schweigen,be silent
Schwächen,Weaken
bürgerlichen,bourgeois
lachen,laugh
Bundesland,Federal State
Stärkung,strengthening
Anwender,user
Boeing,Boeing
usw,etc
schießen,shoot
Gebäudes,building
Töchter,daughters
Wäre,Were
Chefredakteur,Editor-in-Chief
Absturz,crash
mehrheitlich,majority
Boot,boat
Alpen,Alps
landete,landed
Fahrbahn,roadway
verschärft,tightened
locken,lure
Dessen,Whose
SPD-Fraktion,SPD parliamentary group
gewordenen,become
kümmert,cares
ggf,if
öffentlichen Dienst,public service
Fünftel,fifth
religiöse,religious
Mehrzahl,Plural
Feind,Enemy
beklagen,complain
Unruhe,Unrest
fühle,feel
Dichtung,seal
Fahrzeugen,vehicles
verrät,reveals
z. B.,e.g.
Nutzer,users
verbringen,spend
beides,both
Wahrscheinlich,Probably
Priester,priest
nutzte,used
armen,poor
überlebt,survived
Talent,talent
österreichische,Austrian
herkömmlichen,conventional
Festnahme,arrest
ältesten,oldest
einrichten,furnish
Angelika,Angelika
berechtigt,justified
Student,Student
kauft,buys
Kuba,Cuba
angesetzt,scheduled
rechtliche,legal
Stichwort,keyword
Dynamik,dynamics
Budapest,Budapest
Lücke,gap
versorgen,take care of
Übersicht,Overview
Chefs,bosses
gewaltigen,enormous
Mond,moon
Tragödie,tragedy
Kräften,forces
Landtagswahl,State election
Neu,New
Legende,legend
niederländische,Dutch
Zivilisten,civilians
Mi,Wed
Spätestens,At latest
Bosnien-Herzegowina,Bosnia and Herzegovina
Volkshochschule,Adult Education Center
vergleichbar,comparable
Ruanda,Rwanda
Fahrrad,Bicycle
bescheiden,modest
selbständig,self-employed
Ankara,Ankara
weibliche,female
Nachteil,Disadvantage
Wenig,Few
Staatsregierung,State government
aktuell,current
identifiziert,identified
Zulassung,Permit
Paß,Passport
Revision,revision
mittlere,medium
Pro,Per
Linien,lines
gutem,good
infolge,as a result
Kämpfer,fighter
Grundschule,Primary school
Verzweiflung,despair
Autonomie,autonomy
Bewährung,parole
unternommen,undertaken
Erträge,Revenues
umfangreichen,extensive
jüngster,youngest
bestimmter,certain
wichtiges,important
Hoffmann,Hoffmann
Eintrag,entry
Patient,patient
fördert,promotes
Eigentum,Property
Grundstücke,Plots of land
besuchte,visited
eingehalten,adhered
Stationen,stations
Jubiläum,anniversary
Bad,bath
Freien,Free
Erwartung,Expectation
künstlerische,artistic
gestärkt,strengthened
weitergehen,continue
zusammengefaßt,In summary
rücken,back
Vorbereitungen,Preparations
Biographie,biography
annähernd,approximately
Physiker,physicist
Reporter,reporter
Strich,line
privater,private
sechsten,sixth
stärkste,strongest
strebt,strives
Boris Becker,Boris Becker
suchten,searched
lernt,learns
Bestimmung,Determination
abgesetzt,discontinued
wisse,know
van,van
Rechts,Right
ÖTV,ÖTV
Hunger,hunger
manuell,manually
notiert,noted
stört,disrupts
Group,Group
angefangen,begun
Marktführer,Market leader
Heim,Home
Rätsel,Puzzle
beurteilen,judge
Jäger,hunter
gedrängt,urged
gedruckt,printed
schriftlich,in written form
Installation,installation
unternehmen,company
schuld,fault
lacht,laughs
Einhaltung,Compliance
Stille,silence
Schwarzen,Black
Lothar,Lothar
gesteckt,inserted
Zuhörer,listeners
Museums,Museums
STUTTGART,STUTTGART
Urlauber,vacationers
Orientierung,orientation
nächster,next
bestreiten,deny
oftmals,often
Bagdad,Baghdad
ewig,forever
Untersuchungshaft,Pre-trial detention
Roland,Roland
Prinzipien,Principles
steuert,controls
heutzutage,nowadays
unwahrscheinlich,unlikely
Piloten,pilots
maßgeblich,significantly
Hubschrauber,helicopter
herstellen,produce
globale,global
einigermaßen,reasonably
Bulgarien,Bulgaria
geredet,talked
Keiner,None
absoluten,absolute
sinkt,sinks
Eingriff,procedure
überwunden,overcome
Werkstatt,Workshop
Chicago,Chicago
Rentenversicherung,pension insurance
springen,jump
Zusage,Commitment
angesiedelt,located
stören,disturb
Verurteilung,Conviction
interessante,interesting
verlief,went
Erscheinung,appearance
Birgit,Birgit
Main,Main
argumentiert,argued
New,New
ergänzen,add to
abgestimmt,agreed
Überwachung,surveillance
Kapazität,capacity
Kapazitäten,Capacities
Mehrwertsteuer,VAT
Größenordnung,order of magnitude
Ertrag,Yield
bewahrt,preserved
erkannte,recognized
baden-württembergischen,Baden-Württemberg
anstehenden,upcoming
sportliche,sporting
gefährlichen,dangerous
Hilfen,Help
Maßstab,scale
Geste,gesture
ausgewählten,selected
auswählen,choose
Verwaltungsgericht,Administrative Court
Freilich,Of course
realisieren,realize
bestritten,disputed
gebürtige,native
Knoten,node
blicken,look
Zone, Zone
wen,who
anderthalb,one and a half
Aufenthalt,Stay
Rad,wheel
Wille,will
richtete,directed
versagt,failed
Zuletzt,Last
Exemplare,copies
Schulter,shoulder
Expansion,expansion
angetreten,started
gewünscht,desired
Edmund Stoiber,Edmund Stoiber
begriffen,understood
Trost,comfort
Verfasser,writer
Zum anderen,On the other hand
Abitur,high school diploma
Wenige,Few
lieferte,delivered
liefen,ran
Kohle,Money
unterschrieben,signed
Zuschlag,Surcharge
Bürgerinitiative,Citizens' initiative
Geschäften,shops
Mißtrauen,Distrust
Schmerzen,Pains
entlastet,relieved
Reinhard,Reinhard
Bayern München,Bayern Munich
Europäische Union,European Union
Tatsachen,Facts
tatsächlichen,actual
Freiburger,Freiburg
wirkliche,real
strengen,strict
Ironie,irony
Asyl,asylum
ständige,constant
unlängst,recently
Kapitalerhöhung,Capital increase
träumen,dream
praktische,practical
moralische,moral
deutsches,German
zunehmenden,increasing
bedeutendsten,most important
Kommunalwahl,Local elections
Empörung,indignation
jüngere,younger
fehlenden,missing
herzustellen,to produce
verteidigte,defended
Russland,Russia
Mittelalter,Medieval Times
Buchstaben,Letters
Zorn,anger
Nordamerika,North America
baute,built
Begriffe,terms
angekommen,arrived
Knochen,Bone
fremde,foreign
Mieten,Rent
Konsolidierung,Consolidation
leistet,provides
Produzenten,Producers
zeichnen,draw
abgeschafft,abolished
bewirkt,causes
Berücksichtigung,Consideration
Wiesbadener,Wiesbaden
Früchte,fruit
fremd,foreign
Umwandlung,conversion
wagen,dare
nachhaltig,sustainable
K,K
Häftlinge,prisoners
zerstören,destroy
Listen,Listen
afrikanischen,African
Abbruch,Cancellation
Richtlinien,Guidelines
en,en
niedersächsischen,Lower Saxony
Demnach,According to this
Sparte,division
Thailand,Thailand
vorläufigen,preliminary
Siehe,See
notierte,noted
schwache,weakness
Aufforderung,request
ausschließen,exclude
Broschüre,brochure
Stuhl,Chair
lauten,ring
Wahrscheinlichkeit,probability
Wärme,warmth
verwirklicht,realized
Devise,motto
Konservativen,Conservatives
Kameras,Cameras
ausführlich,detailed
wirklichen,real
Vorfall,incident
Mafia,mafia
Ängste,fears
Polizist,policeman
starker,strong
Decke,Ceiling
auslösen,trigger
Mannheimer,Mannheim
freigegeben,released
Passanten,passers-by
Bald,Soon
aufkommen,arise
Ändern,Change
Sollten,Should
Bruno,Bruno
beschließen,decide
unterrichtet,taught
Budget,budget
Katholiken,Catholics
gefährliche,dangerous
sowjetische,Soviet
begleiten,accompany
attraktiv,attractive
Krone,crown
Sterne,Stars
Jahrzehnt,decade
Wiese,Meadow
jegliche,any
Block,block
Grab,grave
entnehmen,remove
Viertelfinale,Quarter-final
kritisieren,criticize
dicke,thickness
Freigabe,Release
Autorität,authority
Streiks,strikes
soeben,just
dieselbe,the same
Dilemma,dilemma
Wohlstand,prosperity
beruflichen,professional
Selbstbewußtsein,Self-consciousness
Aussteller,Exhibitor
Standorte,Locations
fängt,begins
Fisch,Fish
Hitze,heat
Epoche,epoch
Rückstand,residue
entdeckten,discovered
lägen,lie
angeklagt,accused
benötigten,needed
rechtfertigen,justify
Gestalten,Design
Plötzlich,Suddenly
verknüpft,linked
Bundesamt,Federal Office
Erlös,proceeds
Rudolf Scharping,Rudolf Scharping
Finanzministerium,Ministry of Finance
Ost und West,East and West
real,real
Trio,trio
Seoul,Seoul
verläuft,goes
klagte,complained
Schauspielerin,actress
Anhörung,hearing
Rasen,Race
Prozentpunkte,percentage points
Ferne,distance
Vorrang,priority
verfügbar,available
Mandanten,Clients
Cursor,cursor
Jelzins,Yeltsin
verurteilte,convicted
Projekten,projects
begrüßen,greet
insofern,insofar as
bedeutende,significant
gewählten,selected
com,com
Annäherung,Approach
Mindestens,At least
La,La
Erfindung,invention
Bauten,buildings
Verbesserungen,Improvements
Drohung,threat
gegründeten,founded
verabschieden,say goodbye
beklagte,defendant
geistigen,spiritual
längerem,longer
protestiert,protests
Zigaretten,cigarettes
Mitgliedschaft,membership
C.,C.
D.,D.
bedenken,consider
spiegelt,reflects
Verwandten,Relatives
fliegt,flies
merkt,notices
Schulz,Schulz
Gerichts,court
gemeinsames,joint
vernichtet,destroyed
Unruhen,unrest
Friedensprozeß,Peace process
Leinwand,canvas
tödlich,deadly
ausgebildet,trained
dunkle,dark
bestreitet,denies
nebenbei,alongside
Verschiebung,shift
Ausweg,Way out
irakischen,Iraqi
Rot,Red
einstige,former
Unterschriften,Signatures
Panik,panic
untersagt,prohibited
literarische,literary
Inhaber,owner
Rache,Revenge
Differenz,difference
Duisburg,Duisburg
Priorität,priority
Susanne,Susanne
Willi,Willi
Legen,Place
versammelt,gathered
Ebenen,Levels
Köpfen,heads
Original,Original
online,on-line
Ingenieure,engineers
schuf,created
Kirch,Church
Gaststätte,restaurant
inmitten,in the midst of
Beurteilung,assessment
sicherte,secured
fehle,missing
Kliniken,Clinics
Sarajevo,Sarajevo
Schreibtisch,Desk
gesund,healthy
stürzen,fall
Jens,Jens
typischen,typical
lokale,local
Neuwahlen,New elections
Möller,Möller
Turm,Tower
tanzen,dance
Party,party
warfen,threw
Appell,appeal
erreichbar,reachable
Albanien,Albania
VfB Stuttgart,VfB Stuttgart
Erwin,Erwin
Meyer,Meyer
Spielzeit,Playing time
beliebt,popular
Konzerte,Concerts
Süd,South
angekündigten,announced
X,X
besonderes,special
vorliegt,is
ausgerichtet,aligned
Technologien,Technologies
zusammenarbeiten,collaborate
bewerten,evaluate
Grosny,Grozny
Soldat,soldier
Hochzeit,Wedding
verstärkte,reinforced
umsonst,for free
belgischen,Belgian
Akteure,actors
Intendant,Artistic Director
Akzeptanz,acceptance
überlegt,considered
spürt,feels
Silber,Silver
Metropole,metropolis
nachträglich,retrospectively
Terror,terror
Bundesverband,Federal Association
setze,set
Standards,Standards
nächstes,next
Krankenversicherung,health insurance
gegebenenfalls,if applicable
Entsorgung,Disposal
antwortete,answered
frühzeitig,early
Versöhnung,reconciliation
befanden,were
Fremde,Strangers
Arbeitgebern,employers
lehnen,lean
ausgetragen,held
Erfurt,Erfurt
Lachen,Laugh
Strand,Beach
mißbraucht,abused
Gründer,founder
Ruhm,fame
extra,extra
Parkett,parquet
abgebrochen,aborted
zuweilen,sometimes
Wolken,Clouds
Spezialisten,Specialists
wählt,selects
Datei,file
Areal,area
Stammdaten,Master data
Hang,slope
gespart,saved
russischer,Russian
Unter anderem,Among other things
größerer,larger
Heroin,heroin
Bestätigung,Confirmation
Ahnung,Idea
Beobachtung,observation
Die Zeit,The time
Mittelfeld,midfield
Trauer,Grief
sonstigen,other
Florida,Florida
töten,kill
Toleranz,tolerance
strategischen,strategic
beurteilt,assessed
Defizite,Deficits
Gedächtnis,memory
Behinderte,disabled
Antonio,Antonio
Teheran,Tehran
Daimler,Daimler
grauen,gray
vollzogen,completed
Tschernobyl,Chernobyl
auf keinen Fall,absolutely not
sechziger Jahren,sixties
Vorstandsvorsitzender,Chairman of the Board
angehoben,raised
Wahrnehmung,perception
Schwestern,Sisters
Weiterbildung,Continuing education
Kategorie,category
gestört,disturbed
berührt,touched
Ortsbeirat,Local council
umsetzen,implement
Menü,menu
gespannt,tense
Unmut,Discontent
Wohnen,Reside
o,O
AFP,AFP
überfallen,attacked
verabschiedete,passed
keine Rede,no question
radikalen,radical
übliche,usual
gestürzt,fallen
Zeitschriften,Magazines
Olympiasieger,Olympic champion
Erneuerung,renewal
Venedig,Venice
Axel,Axel
mittelfristig,medium term
Verordnung,Regulation
moralischen,moral
Bar,Bear
Kloster,monastery
vermißt,missing
Einem,One
Staub,Dust
betreten,enter
S-Bahn,S-Bahn
Istanbul,Istanbul
illegale,illegal
angekündigte,announced
gewährleisten,ensure
Schmerz,pain
Zeitgenossen,Contemporaries
Elend,misery
Erdbeben,earthquake
gewöhnt,used
obersten,top
schlugen,struck
bestens,excellent
basiert,based
Summen,Totals
jeweilige,each
abgelöst,replaced
potentiellen,potential
erhebt,raises
Potsdamer,Potsdamer
erneuten,renewed
decken,cover
verlautete,it was announced
Theaters,Theater
Wissenschaftlern,scientists
Na,N/a
Künstlerin,artist
engagieren,engage
scharfe,sharp
kalten,cold
entzogen,withdrawn
bedeckt,covered
Benzin,petrol
Störungen,Disturbances
Seither,Since then
Joschka Fischer,Joschka Fischer
Diktatur,dictatorship
Kanal,channel
Hansestadt,Hanseatic city
günstige,affordable
getestet,tested
Attentat,assassination
Beck,Beck
Lübeck,Lübeck
Sir,Sir
Pech,Bad luck
verbieten,forbid
Eier,eggs
zeitlich,time
Libanon,Lebanon
angeblichen,alleged
verwaltet,managed
vorsieht,provides
Holocaust,holocaust
Untergang,Downfall
spannend,exciting
umgewandelt,converted
zuwenig,too little
mächtigen,powerful
P.,P.
verwandeln,transform
zukommen,to
Rentenmarkt,bond market
Komponist,composer
Aktivität,activity
Schwerpunkte,Key areas
einbringen,contribute
Zwang,Obligation
unterstellt,assumed
dauerhaft,permanently
Einträge,Entries
sichtlich,visibly
Schmuck,Jewelry
Romane,Novels
Atem,breath
Uraufführung,premiere
Beträge,Amounts
dasselbe,the same
behauptete,claimed
angehört,listened to
BUND,FEDERAL
klingen,sound
Gene,Gene
verheiratet,married
Zaire,Zaire
Ansätze,Approaches
irgend,any
Archiv,Archive
BASF,BASF
Resonanz,resonance
enorme,enormous
Landwirte,farmers
Handwerker,Handyman
Algerien,Algeria
Reiz,appeal
Plattform,platform
Telefonnummer,Telephone number
Einschränkung,restriction
Zagreb,Zagreb
Beweise,Proofs
Erstellung,creation
historisch,historical
BRD,FRG
Burg,castle
Anfragen,Inquiries
Kriegsende,End of the war
Stockholm,Stockholm
Anweisung,Instruction
Kreises,district
verpflichten,commit
Hölle,hell
Betrachter,Viewer
Vermieter,Landlord
Beitritt,accession
Rechtsprechung,Case law
altes,old
Anlauf,start
Reichtum,wealth
Persönlichkeiten,Personalities
reagierten,reacted
Blüm,Blüm
fit,fit
beherrschen,command
Markieren,Mark
ginge,go
verleihen,lend
analysiert,analyzed
Den Haag,The Hague
heiligen,holy
Eingabe,input
enormen,enormous
Einfluss,Influence
Konfrontation,confrontation
Kairo,Cairo
Kämpfen,Battle
tschechischen,Czech
beschäftigte,employed
typische,typical
Zuerst,First
Dritten Welt,Third World
Bedürfnisse,needs
empört,outraged
Befehl,command
Operationen,Operations
Gemüse,Vegetables
Aachen,Aachen
langjährige,long-term
verweigern,refuse
veränderte,changed
zahlreicher,numerous
beendete,ended
Massaker,massacre
Mordes,murder
korrigiert,corrected
eingestuft,classified
Borussia Dortmund,Borussia Dortmund
ausgefallen,failed
Typen,Types
anstelle,instead
CDU/CSU,CDU/CSU
Illusion,illusion
Grunde,Reasons
Landesbank,State Bank
James,James
Organisatoren,organizers
Klärung,Clarification
daheim,home
umzusetzen,to implement
Endlich,Finally
Fach,Academic subject
Landsleute,fellow countrymen
realen,real
Poesie,poetry
Bahnen,Tracks
eingereicht,submitted
wirtschaftlicher,economic
Berger,Berger
stellvertretenden,deputy
Gremien,committees
Konzeption,Concept
Wirtschaftswachstum,Economic growth
Zustände,Conditions
AOL,AOL
Euphorie,euphoria
Libero,Libero
umgeben,surround
langfristige,long-term
staatlicher,state
sexuellen,sexual
Gebäuden,buildings
bunte,colorful
Duell,duel
Fahrgäste,Passengers
Südamerika,South America
Spektrum,spectrum
verschwindet,disappears
half,half
Charles,Charles
olympischen,Olympic
rot,red
Staatsbürgerschaft,citizenship
Einkauf,Shopping
verlegen,embarrassed
Traditionen,Traditions
neunziger Jahre,nineties
Neuregelung,New regulation
verhängt,imposed
gedrückt,pressed
Zusammensetzung,composition
wahrgenommen,perceived
Fuchs,fox
ordentlich,orderly
Marken,Brands
evangelische,Protestant
KG,KG
gedeckt,covered
hierbei,this
überfordert,overwhelmed
antwortet,answers
Einordnung,Classification
Satelliten,satellites
Sektor,sector
Paket,package
Charlotte,Charlotte
günstiger,cheaper
befragt,interviewed
verwickelt,involved
freitags,Fridays
allerlei,all sorts
Verpflichtungen,Obligations
Ministerien,Ministries
geltende,applicable
iranischen,Iranian
Flexibilität,flexibility
problemlos,no problem
vollem,full
Massen,Masses
sicherer,safer
beeindruckt,impressed
widmen,dedicate
liegenden,lying
jährliche,annual
erwischt,caught
entsprechender,corresponding
diversen,various
Straßburg,Strasbourg
drohenden,impending
doppelte,double
genauen,exact
Polizeisprecher,Police spokesperson
Sommerpause,Summer break
Räuber,robber
zwingt,forces
Experimente,Experiments
Major,major
allesamt,all
mutmaßlichen,presumably
Hamburgs,Hamburg's
montags,Mondays
Ernährung,Nutrition
Auftreten,Appear
Streifen,Stripes
Rechnungen,invoices
Bundesstaat,federal state
Marianne,Marianne
Würzburg,Würzburg
Fassade,facade
Kenntnisse,knowledge
gekämpft,fought
schlimmsten,worst
einverstanden,agreed
möge,may
Adressen,Addresses
Beendigung,termination
einheitliche,uniform
Baby,baby
abgesagt,cancelled
Umsatzes,Sales
Daimler-Benz,Daimler-Benz
beliebig,any
Ferien,Holidays
Griechen,Greeks
Flaschen,Bottles
Panzer,tanks
traurig,sad
verdrängt,suppressed
verstoßen,violate
Ämter,Offices
Klinsmann,Klinsmann
Labor,laboratory
Noten,Grades
legendären,legendary
Nachweis,Proof
gewöhnlich,usually
trainiert,trained
Basel,Basel
b,b
betreffenden,The relevant
Materie,matter
Herausgeber,editor
behindert,disabled
Anschläge,attacks
niedrige,low
Polizeiangaben,Police report
Abstieg,descent
Rexrodt,Rexrodt
Kindergärten,Kindergartens
engagierte,committed
Kreuzberg,Kreuzberg
Kreuzung,Crossing
beschlossene,decided
stützen,support
Wellen,Waves
dritter,third
Anhebung,Raising
Ermittlung,determination
Volker,Volker
Gebühr,fee
gewissermaßen,in a way
Treuhand,Trust
zukünftigen,future
Nahen Osten,Middle East
Bundesrepublik Deutschland,Federal Republic of Germany
Tagesspiegel,Tagesspiegel
Großstadt,metropolis
Aufsehen,sensation
Evangelischen,Protestant
Experte,expert
parlamentarischen,parliamentary
liberalen,liberal
kassiert,collected
Abwesenheit,absence
vehement,vehement
Bundesanstalt für Arbeit,Federal Employment Agency
Laufbahn,career
Reichstag,Reichstag
Unfälle,accidents
Darum,Therefore
versuche,try
gleicht,similar
Ritter,Knight
Physik,physics
vollständige,complete
einmalige,unique
gerechtfertigt,justified
präzise,precise
biete,offer
vorgelegten,presented
Welten,worlds
SED,SED
Leib,body
Niederlagen,Defeats
Thyssen,Thyssen
Darunter,Among them
Schwarze,black
beantragen,apply for
Tatort,Crime scene
Objekten,objects
juristischen,legal
Westeuropa,Western Europe
gelben,yellow
Visionen,Visions
berühmt,famous
Resolution,resolution
jemanden,someone
eingetreten,entered
spektakulären,spectacular
Katharina,Katharina
Aufstand,Uprising
teilten,shared
erwirtschaftet,generated
mächtig,powerful
Beschwerde,Complaint
jugoslawischen,Yugoslavian
festzustellen,to determine
auf den ersten Blick,at first glance
Kette,Chain
zurückhaltend,reserved
Clintons,Clintons
Minderheiten,Minorities
Unterkunft,Accommodation
Gymnasium,High school
Einstiegsbild,Opening image
Profi,professional
Bibel,Bible
Buchungskreis,accounting area
beschuldigt,accused
griechische,Greek
Muß,Must
Meinungen,Opinions
Sobald,As soon as
erfolglos,unsuccessful
anscheinend,apparently
Roth,Roth
Lippen,lips
Möbel,Furniture
Frühstück,Breakfast
Basler,Basel
Dritter,Third
Bauarbeiten,Construction work
verbirgt,hides
Diepgen,Diepgen
bildeten,formed
Schicht,layer
Freie,Free
besetzen,occupy
Leere,Emptiness
Klassiker,classic
Weile,while
vergangener,past
realistisch,realistic
überzeugend,convincing
schlafen,sleep
Paradies,paradise
protestieren,protest
Waffenstillstand,armistice
Unterschrift,Signature
Angelegenheiten,matters
startete,started
Elke,Elke
ostdeutsche,East German
dänischen,Danish
Schlange,Snake
Virus,virus
sächsischen,Saxon
Zurück,Back
Huber,Huber
spiele,games
Geschenk,Gift
ausgemacht,agreed
Lizenz,License
aufgefallen,noticed
dramatische,dramatic
Mario,Mario
Bündnisgrünen,Alliance Greens
Betracht,Consideration
George,George
II.,II.
mangels,lack
Gitarre,guitar
U-Bahn,subway
Beobachtungen,Observations
arbeiteten,worked
bitter,bitter
anhaltenden,persistent
Brücken,Bridges
Gesang,singing
Rassismus,racism
Löwen,Lions
oberste,top
Palästinensern,Palestinians
errechnet,calculated
Elbe,Elbe
Taktik,tactics
Begegnungen,Encounters
hervorragend,terrific
Verhältnissen,conditions
Fische,fish
seitens,from
bewährt,proven
Umstand,fact
wiesen,meadows
Geräten,devices
Funktionäre,Officials
Erhaltung,conservation
äußeren,external
Heiligen,Saints
bewaffneten,armed
siegte,won
pflegt,maintains
geforderte,required
unterstrich,underlined
PS,PS
Logistik,logistics
unzureichend,insufficient
Nie,Never
Vertreibung,expulsion
belegte,documented
Insofern,In that respect
sonntags,Sunday
Leid,Sorrow
Format,format
entstandenen,created
Bogen,Bow
E,E
regeln,regulate
durchzuführen,to perform
Handy,mobile phone
gewaltige,enormous
Kabel,Cable
dazwischen,in between
Renaissance,Renaissance
Beseitigung,Removal
identisch,identical
Gottesdienst,worship
Anwesenheit,presence
nah,close
Onkel,Uncle
Berechtigung,Authorization
abwarten,wait
gewöhnlichen,ordinary
Vernichtung,destruction
interessierte,interested
Mozart,Mozart
Gegenstände,items
Proben,Samples
Sparkassen,Savings banks
abgenommen,taken off
Rot-Grün,Red-Green
entlasten,relieve
Realisierung,realization
IOC,IOC
verschieben,move
breiter,wider
kanadischen,Canadian
Schwaben,Swabia
Niederländer,Dutch
echt,real
treu,faithful
systematisch,systematic
Techniken,Techniques
Stephan,Stephan
führender,leading
Jahrtausendwende,turn of the millennium
Lupe,magnifying glass
Fluggesellschaft,airline
Braun,Brown
Wettbewerbs,competition
Befürchtungen,Fears
Fußgänger,pedestrian
Abwicklung,processing
testen,test
anzunehmen,to assume
Pkw,Car
Saarland,Saarland
spontan,spontaneous
Nationalsozialismus,National Socialism
Kaiserslautern,Kaiserslautern
Raketen,rockets
bösen,evil
zulegen,acquire
geeignete,suitable
Verletzte,Injured
bedauert,regrets
Liebhaber,lover
Henkel,handle
Platten,records
Adolf,Adolf
laden,load
worauf,whereupon
Billionen,Trillions
Beinen,legs
genügen,sufficient
Untergrund,Subsoil
Ansichten,Views
einzustellen,to adjust
Jeden,Every
Verbrauch,consumption
wissenschaftlich,scientific
veranlaßt,caused
wodurch,through which
Überhaupt,At all
Geschäftsleute,business people
Inneren,interior
Zumal,Especially since
Nebel,Fog
Favoriten,Favorites
Jahrhunderte,centuries
Vermutlich,Allegedly
lustig,funny
ignoriert,ignored
Seminar,seminar
buchen,book
Befürworter,Supporters
Landratsamt,District Office
Begleitung,accompaniment
bringe,bring
wovon,of which
begründen,justify
Zusammenhänge,Connections
ebensowenig,neither
offenkundig,obviously
Neigung,inclination
Jurist,jurist
bedeutenden,significant
zurückziehen,withdraw
Dimensionen,Dimensions
verlängern,extend
Reiter,Equestrian
erspart,saves
Entscheidend,Decisive
vorbereiten,prepare
Tänzer,dancer
Parlamentswahlen,Parliamentary elections
friedlich,peaceful
Boom,boom
fertiggestellt,completed
lebendig,lively
Harmonie,harmony
überholt,obsolete
plädierte,pleaded
Spalte,Split
Siedler,settlers
Kohls,Kohls
scharfen,sharpen
World,World
Temperatur,temperature
Paare,couples
technischer,technical
drehte,turned
fuhren,lead
sauber,clean
gesteuert,controlled
anbietet,offers
Maske,mask
ausmachen,turn off
ähnliches,similar
Container,container
Transparenz,transparency
Werkzeuge,Tools
sechziger Jahre,sixties
schwächer,weaker
begeben,go
Schultern,Shoulder
Ding,thing
diverse,various
Luftwaffe,air force
Offiziere,officers
Westens,West
Sendungen,broadcasts
vorgeführt,demonstrated
schwedische,Swedish
ordnen,arrange
Belege,Evidence
angebliche,alleged
bereitgestellt,provided
zivilen,civilian
schoß,lap
Erben,Inherit
geistige,spiritual
Ministeriums,Ministry
Matthäus,Matthew
Klein,Small
Bekenntnis,Confession
minder,less
vorkommen,happen
Insassen,Inmates
in Wirklichkeit,in reality
Schild,Sign
Lehrerin,Teacher
Berichterstattung,reporting
verübt,committed
Angeboten,Offered
Verfassungsschutz,domestic intelligence agency
Foyer,foyer
Erfassung,recording
verwendeten,used
Kundschaft,customers
Focus,Focus
Formulierung,formulation
zulassen,allow
Zählern,counters
Ferrari,Ferrari
gültig,valid
einzurichten,to set up
Kundgebung,rally
frühestens,at earliest
Werkes,Works
Aufstellung,Lineup
Horizont,horizon
beziffert,quantified
Innensenator,Interior Senator
Rubel,ruble
gekündigt,quit
bedeutete,meant
appellierte,appealed
Semester,semester
Kripo,Criminal Police
verpaßt,missed
Bescheid,Notice
erfreut,delighted
Produktivität,productivity
Kapitalismus,capitalism
Abfall,Waste
Flughäfen,Airports
Königs,King
Multimedia,multimedia
Korrektur,correction
bekräftigt,confirmed
spekuliert,speculates
Kredit,credit
Buche,beech
Auslieferung,delivery
Breite,Width
aufbringen,apply
springt,jumps
möglicher,possible
empfunden,felt
zu Fuß,on foot
staatlich,state
Flasche,Bottle
langjährigen,long-term
Boris,Boris
Uns,Us
Performance,performance
amtlichen,official
Hessischen,Hessian
Intelligenz,intelligence
Torhüter,goalkeeper
praktischen,practical
Die Welt,The world
Protagonisten,Protagonists
on,on
Olympischen Spielen,Olympic Games
mitmachen,participate
zukünftig,future
wilden,wild
Chile,Chile
Schüsse,Shots
Kompetenzen,Skills
Irgendwann,Sometime
Netzwerk,network
eingelegt,inserted
wenngleich,although
Passagen,Passages
potentielle,potential
In der Tat,Indeed
ehrlich,honest
kontinuierlich,continuously
80er Jahre,80s
v.,v.
Erlebnis,Experience
unerwartet,unexpectedly
zitierte,quoted
Schottland,Scotland
verstorbenen,deceased
Gutes,Good
Bäumen,trees
Jahrtausend,millennium
Aufwendungen,Expenses
Erstens,First
Vormittag,Late morning
bundesdeutschen,federal German
Steuerung,steering
faßt,summarizes
Beispielsweise,For example
Schuster,shoemaker
Mauern,walls
Kreml,Kremlin
Slowakei,Slovakia
Vermutung,Supposition
Wohnzimmer,Living room
westlich,west
radikale,radical
Windows,Windows
solide,solid
Investition,investment
Comeback,comeback
Dritte,Third
kroatische,Croatian
G,G
Karadzic,Karadzic
Edith,Edith
ausgebrochen,escaped
Amerikanern,Americans
wertete,evaluated
Endspiel,final
Bezahlung,pay
Abgeordnetenhaus,House of Representatives
vermeintlich,supposedly
Vulkan,volcano
freute,rejoiced
Gehälter,Salaries
deuten,interpret
so genannten,so-called
stetig,constantly
M,M
Joseph,Joseph
neueste,latest
Hallen,Halls
Hierzu,This
Kriege,Wars
Koffer,Suitcase
Herrscher,ruler
Laune,Mood
individuell,individually
Brunnen,Spring
Wettbewerbsfähigkeit,competitiveness
langfristigen,long-term
gültigen,valid
verschafft,provides
wehrt,defends
willkommen,welcome
Grundsätzlich,Basically
ansehen,view
geglaubt,believed
berufliche,professional
Audi,Audi
erschöpft,exhausted
zusammengestellt,compiled
Fachhochschule,University of Applied Sciences
ungewöhnliche,unusual
billigen,cheap
übertroffen,surpassed
Stolpe,Stolpe
ABAP,ABAP
stehende,standing
Hätte,Would have
BONN,BONN
Besatzung,crew
geführten,guided
betonen,emphasize
nahen,sew
Visier,visor
aufrufen,call
Applaus,applause
Esslinger,Esslingen
ertragen,bear
Bielefeld,Bielefeld
Blues,blues
vorbehalten,reserved
Amtes,Office
juristische,legal
Nationalen,National
seltener,rare
Gewiß,Certainly
viermal,four times
Körperverletzung,Bodily injury
Entführung,kidnapping
beschert,bestowed
gesteht,confesses
erneute,renewed
heimlich,secretly
Verabschiedung,adoption
geforderten,required
nannten,called
klarer,clearer
Stirn,Forehead
Lieferungen,Deliveries
Wälder,forests
Ruth,Ruth
männliche,male
lockt,entices
junge Mann,young man
Schlaf,Sleep
Bargeld,cash
Motivation,motivation
Ideologie,ideology
peinlich,awkward
Urteile,Judgments
Ausrichtung,alignment
anzusehen,to view
merken,remember
Göttingen,Göttingen
Standpunkt,position
nervös,nervous
Härte,hardness
Verstoß,violation
entfällt,omitted
verlangten,demanded
tägliche,daily
geflogen,flown
Einsamkeit,loneliness
Zeitplan,schedule
derartigen,such
schieben,push
äußert,expresses
Einschränkungen,restrictions
Siege,victories
Rau,Rough
Schauspiel,Acting
Festlegung,determination
hintereinander,one after the other
Vertretung,Representation
Kommunalwahlen,local elections
Simon,Simon
Seehofer,Seehofer
bildete,formed
kriegt,gets
Weichen,Switches
Werks,factory
interpretiert,interpreted
Augsburger,Augsburg
Verkäufer,Salesperson
betreffen,regarding
seiten,pages
Margarete,Margarete
aufgetreten,occurred
industriellen,industrial
Lebensjahr,year of life
ökonomische,economic
Debatten,debates
Wolfgang Schäuble,Wolfgang Schäuble
Ergänzung,Addition
Eisen,iron
verdankt,thanks to
Geldes,money
wild,wild
Allen,All
Detlef,Detlef
Betriebsergebnis,Operating result
Publikums,audience
beschrieb,described
sprang,jump
Künftig,Future
Staatskanzlei,State Chancellery
vertreiben,drive out
schmalen,narrow
bloße,nakedness
Abgabe,Submission
wunderbar,wonderful
lernte,learned
Umland,surrounding area
Lire,Lire
kaufte,bought
Präsidentin,President
ideale,ideal
operativen,operative
eingenommen,taken
Argumentation,argumentation
aufhalten,stop
Pistole,gun
zugelegt,acquired
Schein,Certificate
Sympathie,sympathy
kirchlichen,ecclesiastical
höherer,higher
Bundesbürger,German citizens
Stufen,Steps
werdenden,future
Flut,flood
Rindfleisch,beef
drohe,threat
Künstlers,artist
verkauften,sold
fernen,distant
Kanzleramt,Chancellery
Anblick,sight
Ringen,Wrestling
Aktionären,Shareholders
Souveränität,sovereignty
verzweifelt,desperate
abgewickelt,handled
Geschäftsjahres,fiscal year
Will,Will
bedacht,thoughtful
tauchen,dive
Erlöse,Proceeds
galten,applied
Vorjahreszeitraum,Previous year's period
heben,lift
Residenz,residence
Teilung,division
stammende,origin
Doris,Doris
Einwohnerzahl,population
besaß,owned
Moderator,Moderator
Lutz,Lutz
Auskünfte,Information
Geheimdienst,intelligence
Nordirland,Northern Ireland
Bewerbung,Application
Elfriede,Elfriede
Westjordanland,West Bank
Spieltag,Matchday
stillen,breastfeeding
Lehrern,teachers
Sparpaket,Savings package
Auslöser,trigger
Auftraggeber,Client
müssten,would
Veba,Veba
Programmen,programs
Besteuerung,taxation
Neuordnung,Reorganization
Gouverneur,governor
wertvolle,valuable
Zeug,Things
Überall,Everywhere
Münchens,Munich's
ausüben,exercise
in letzter Zeit,lately
Bande,band
Fernsehsender,TV channel
durchweg,consistently
ausführen,carry out
trainieren,train
öffentlich-rechtlichen,public-law
goldenen,golden
Überstunden,overtime
Exporte,Exports
Einblick,insight
Ausführungen,Explanations
O,O
herausgegeben,published
Polens,Poland's
Ausgangspunkt,Starting point
Vorzüge,Advantages
spezialisiert,specialized
stützt,supports
Heike,Heike
Vergewaltigung,rape
kalte,cold
Echo,echo
Witwe,widow
Gleichgewicht,balance
Ehrgeiz,ambition
Ehren,Honor
sozialdemokratischen,social democratic
Kaufpreis,Purchase price
Feinde,Enemies
Betrug,Fraud
eingeschaltet,turned on
Skulpturen,Sculptures
Telecom,Telecom
erobert,conquered
eingebaut,built-in
nationaler,national
angeregt,suggested
Arbeitskreis,Working group
Kanther,Kanther
Naturschutz,Nature conservation
Auftritte,performances
Energien,Energies
Umweltministerium,Ministry of the Environment
eintreten,enter
regelrecht,properly
elektrischen,electric
dankbar,thankful
Sichern,Secure
Sängerin,singer
kompliziert,complicated
verständigt,notified
verlagert,relocated
BA,BA
bremsen,brakes
Unschuld,innocence
aktiviert,activated
Palette,range
Kultusminister,Minister of Education
Braunschweig,Braunschweig
ursprüngliche,original
dieselben,the same
Finanzamt,Tax office
Kreativität,creativity
Nachteile,Disadvantages
Hitlers,Hitler's
Gerda,Gerda
Nigeria,Nigeria
bewirken,effect
bezüglich,with reference to
Äußerung,statement
Hürden,Hurdles
Bleibt,Remains
Ostern,Easter
beeinträchtigt,affected
Regensburg,regensburg
Richtig,Correct
Glaube,Believe
Harry,Harry
automatische,automatic
Einführungsleitfaden,Introductory Guide
verbreiten,spread
durchschnittlichen,average
manch,some
Ursprung,origin
Oliver,Oliver
erschließen,develop
Umstrukturierung,restructuring
Analysen,Analyses
formulierte,formulated
erarbeiten,develop
entfernten,removed
rechne,calculate
Bündnis für Arbeit,Alliance for Jobs
sogleich,immediately
Erzähler,teller
flog,flew
intern,internal
zukünftige,future
Volkswagen,Volkswagen
Emotionen,Emotions
Empfehlungen,Recommendations
virtuellen,virtual
beschleunigt,accelerated
ungewöhnlichen,unusual
intensive,intensive
blaue,blueness
Konsumenten,Consumers
Prinzessin,princess
Sydney,Sydney
Intellektuellen,intellectuals
geringere,lower
schade,Too bad
Elektronik,electronics
gewisser,certain
teilgenommen,participated
auswirken,impact
samstags,Saturdays
Maschinenbau,Mechanical engineering
Filiale,branch
Hierarchie,hierarchy
abgezogen,deducted
etabliert,established
Verwirklichung,realization
Shell,Shell
herangezogen,used
tätigen,do
Kids,Kids
Radfahrer,cyclists
optimal,optimal
Millionenhöhe,millions
Kuchen,Cake
Übereinstimmung,accordance
sexuelle,sexual
Mars,Mars
Gefangene,prisoners
verbergen,hide
festgelegten,established
Kaufmann,merchant
strenge,strict
friedliche,peaceful
Metall,metal
Terrorismus,terrorism
Kranken,Sick
identifizieren,identify
Zähne,Teeth
niemandem,no one
schwarzer,black
Inflationsrate,Inflation rate
verlorenen,lost
ausgelegt,designed
Berti Vogts,Berti Vogts
Maastricht,Maastricht
Verlage,Publishers
seinerseits,in turn
wandern,hike
gebilligt,approved
Verwirrung,confusion
liberale,liberal
Österreichs,Austria's
leere,empty
Bemühen,Make an effort
Landgerichts,Regional Court
Einbußen,Losses
Strafen,Punish
Spitzenreiter,Top of the field
östlich,east
Verdachts,Suspicion
Sätzen,sentences
Eingriffe,Interventions
Wänden,walls
unterm,under
übt,practices
Kommunismus,communism
Bürgerschaft,Citizens
Umweltschützer,environmentalist
verliebt,in love
erfolgreicher,successful
Deutsche Telekom,Deutsche Telekom
widmet,dedicates
lobt,praises
IRA,IRA
Neun,Nine
Millimeter,millimeter
vorgehen,proceed
Titelverteidiger,defending champion
Porsche,Porsche
Spruch,saying
Stellenwert,Importance
langweilig,boring
schiebt,pushes
widerspricht,contradicts
tödlichen,deadly
Bomben,bombs
beinhaltet,contains
kurzerhand,in short
Zweiter,Second
Leistungsfähigkeit,Performance
Hörer,Listener
gestand,confessed
Einwände,Objections
jedermann,anyone
christliche,Christian
Enkel,grandson
entfernen,remove
nachgedacht,thought
unterhält,maintains
Paragraph,paragraph
Außenministerium,Foreign Ministry
unsicher,unsure
Thesen,theses
American,American
San Francisco,San Francisco
Aufbruch,Departure
verbesserten,improved
Buchung,booking
Beachtung,Attention
ausgeht,exits
Gesetzen,laws
lebe,live
Strategien,Strategies
Systemen,systems
handle,handle
Hauch,breath
einzuführen,to introduce
Fronten,Fronts
Podium,podium
einheitlichen,uniform
abgeschoben,deported
Löcher,Holes
feinen,fine
wagt,dares
trage,wear
bewegte,moved
Mehmet,Mehmet
Erleichterung,relief
Brandenburger,Brandenburg
Jesus,Jesus
Roman Herzog,Roman Herzog
Versicherten,Insured persons
National,National
zweitens,secondly
vorab,in advance
äußerten,expressed
la,la
Gerhardt,Gerhardt
Ilse,Ilse
amtierende,incumbent
Protesten,protests
Lernen,Learn
Klang,sound
bemerkbar,noticeable
Zeugnis,Transcript
Tätigkeiten,Activities
William,William
ehemaligen Jugoslawien,former Yugoslavia
Jena,Jena
Philosophen,philosophers
ungewiß,uncertain
rollen,roll
gewertet,rated
sonstige,other
verrückt,crazy
bezeichneten,designated
gegenwärtige,current
Vorwürfen,accusations
souverän,sovereign
geschlossene,closed
blutigen,bloody
Güter,goods
Lokal,Local
ausreichen,sufficient
abgerissen,demolished
Marsch,march
Frühling,Spring
aufhören,stop
T,T
osteuropäischen,Eastern European
sozialistische,socialist
Verhaftung,arrest
Hahn,Faucet
mutmaßliche,presumably
Optionen,Options
Bremerhaven,Bremerhaven
erforderliche,required
gegeneinander,against each other
Erfinder,inventor
bewerben,apply
ungarischen,Hungarian
Momente,moments
kleinste,smallest
entführt,kidnapped
kräftige,powerful
V.,V.
einnehmen,take
Anstalt,Institution
Körpers,body
frühe,early
Zimmermann,carpenter
Mathematik,mathematics
Texas,Texas
DAG,DAG
befördert,promoted
externen,external
Schwere,Severe
Malaysia,Malaysia
einseitig,one-sided
vereint,united
Company,Company
geeigneten,suitable
unterstützte,supported
geübt,practiced
begraben,buried
Volkspartei,People's Party
geteilt,divided
Prüfungen,Exams
Konsum,consumption
Arena,arena
nachdenken,ponder
theoretisch,theoretically
kg,kg
Insekten,insects
grundlegende,basic
Entwürfe,Designs
empfinden,feel
Haufen,heap
zunehmen,gain weight
Betrachtung,contemplation
umfassen,include
Offenheit,openness
Albaner,Albanians
Szenario,scenario
kopieren,copy
glatt,smooth
wöchentlich,weekly
verkraften,cope
Techniker,technician
hervorragende,excellent
saniert,renovated
Todes,death
dominiert,dominates
sichert,secures
Netze,Networks
Kalkulation,calculation
Heft,Notebook
Aufsteiger,Up-and-coming
veröffentlichen,publish
Tonne,tonne
Tel,Tel
kehren,return
verfaßt,written
Champions League,Champions League
Föderation,federation
Fertigstellung,completion
Formular,Form
Herausforderungen,challenges
Landschaften,Landscapes
angegebenen,specified
verbreitete,widespread
entworfen,designed
Referendum,referendum
attraktiver,attractive
örtliche,local
warm,warm
Niedergang,decline
meldeten,reported
Eintracht,Eintracht
verärgert,annoyed
komplizierten,complicated
kommunale,municipal
Bestellungen,Orders
Spektakel,spectacle
einführen,introduce
Donau,Danube
Krankenhäusern,hospitals
Luxus,luxury
geringeren,lower
Diagnose,diagnosis
Streß,Stress
Wiederholung,Repetition
Wahlgang,election
Überraschungen,Surprises
veranschlagt,estimated
Weiterhin,Furthermore
Geschäftsmann,businessman
Verfall,decay
morgigen,tomorrow
toten,kill
großzügig,generous
Europameisterschaft,European Championship
bestellen,order
kurdischen,Kurdish
Kollegin,colleague
wozu,for what reason
besseres,better
Prozesses,process
Plakate,posters
Heidelberger,Heidelberg
Selbständigkeit,independence
korrigieren,correct
Tendenzen,Trends
hinauf,up
zerstörten,destroyed
Clubs,Clubs
Stamm,tribe
fein,fine
entgehen,escape
abgelaufenen,expired
heftiger,more intense
SPD-Politiker,SPD politician
nebenan,next door
gesunden,healthy
ausgetauscht,exchanged
Bosniens,Bosnia
schützt,protects
Standorten,Locations
gewaltig,enormous
Angela,Angela
Sparkasse,Sparkasse
Duo,duo
Bedürfnis,Need
Friedens,Peace
Stücken,pieces
Löschen,Delete
herrschen,prevail
beschleunigen,accelerate
Beamter,civil servant
Nordkorea,North Korea
regelmäßigen,regular
Wörter,Words
fliehen,flee
transportieren,transport
Nachdruck,Reprint
Erna,Erna
Jacques Chirac,Jacques Chirac
einzeln,individually
Ausschluß,Exclusion
Porträt,portrait
doppelten,double
jedesmal,every time
BVG,BVG
erledigen,complete
trocken,dry
Rückgabe,return
kennengelernt,met
Flüge,Flights
Etappe,stage
wählte,chose
Tochtergesellschaft,subsidiary
Vorurteile,Prejudices
reist,travels
Eher,Rather
Mittelstand,Medium-sized businesses
Beton,concrete
Abfahrt,departure
Anhängern,followers
eindeutige,unambiguous
Gießen,Pour
anmelden,register
Tee,tea
Spiels,Game
Bundesinnenminister,Federal Minister of the Interior
Umlaufrendite,Yield
hinterlegt,stored
palästinensische,Palestinian
ländlichen,rural
entkommen,escape
Sicherheitskräfte,Security forces
Bürokratie,bureaucracy
diplomatischen,diplomatic
Botschaften,Messages
siebten,seventh
stünde,would stand
Ausgerechnet,Of all things
Wiederwahl,Re-election
verstehe,understand
Sonstige,Other
las,las
Mönchengladbach,Mönchengladbach
Bundesgebiet,Federal territory
gewartet,waited
Regierungskoalition,Governing coalition
Lübecker,Lübeck
verfehlt,missed
Tschechen,Czechs
Versuchen,Attempt
Freiheitsstrafe,Prison sentence
Hose,trousers
Schwerin,Schwerin
Chemnitz,Chemnitz
ausgenommen,except
hiesigen,local
Segen,blessing
Ästhetik,aesthetics
Verständigung,understanding
elektrische,electric
geschenkt,gift
schrittweise,step by step
Somalia,Somalia
Übergabe,handover
Somit,Thus
entspreche,corresponds
schier,sheer
Maus,Mouse
Erkrankung,disease
abbauen,tear down
Redner,Speaker
internationales,international
parlamentarische,parliamentary
Sammler,Collectors
Kommando,command
erregt,excited
Bischöfe,Bishops
Saarbrücken,Saarbrücken
feierten,celebrated
ausgerüstet,equipped
Mr.,Mr.
Unsinn,nonsense
fünfziger Jahren,fifties
knappe,scarce
kritisierten,criticized
Album,album
Media,Media
Durchgang,passage
radikal,radical
aufgestockt,increased
Kneipe,Bar
Kopenhagen,Copenhagen
Zweite,Second
Dichters,poet
anzulegen,to create
bezweifelt,doubts
Offenbacher,Offenbach
Systematische,Systematic
Gesundheitswesen,healthcare
Funk,radio
härter,harder
verbrannt,burned
Bad Vilbel,Bad Vilbel
Vertrages,contract
Corporation,Corporation
Geldstrafe,fine
überwachen,monitor
Wiederaufnahme,Resumption
gelegene,located
künstlich,artificially
gefangen,caught
gewordene,become
Bekannten,acquaintances
Scheidung,divorce
isoliert,isolated
rasche,rapid
bestritt,denied
Schülerinnen,female students
Psychologie,psychology
gewollt,intentional
veranstalten,organize
eingegeben,entered
qm,square meter
Zweitens,Secondly
Arbeitslosenquote,unemployment rate
Salzburg,Salzburg
gerissen,torn
erobern,conquer
Verlusten,losses
Favorit,favorite
Betroffene,Affected
empfahl,recommended
Produktionen,Productions
Sagen,Say
Flughafens,airport
sechzig,sixty
trieb,drive
t,t
Wirtschaftsministerium,Ministry of Economic Affairs
Neuseeland,New Zealand
Kolumbien,Colombia
Aufteilung,Division
Schritten,steps
schönste,most beautiful
größtenteils,mostly
Handlungen,actions
Hammer,hammer
denselben,the same
Doktor,doctor
ungeachtet,regardless
Erhebung,survey
Heimatstadt,hometown
vorrangig,priority
Meisterschaften,Championships
Martina,Martina
Profit,profit
Belange,concerns
net,net
SAP-System,SAP system
verursachen,cause
Zivilisation,civilization
umgebracht,killed
Guten,Good
Sohnes,son
Entweder,Either
Kranke,Sick
zwingend,mandatory
wofür,for what
benötigte,required
sammelt,collects
rtr,rtr
Gift,Poison
Vermittler,mediator
langsamer,slower
Buchungen,Bookings
Unterbringung,Accommodation
Bindung,binding
Durchmesser,diameter
eigenständige,independent
Richtungen,Directions
renommierten,renowned
Verdienst,Earnings
pünktlich,on time
bekanntesten,most well-known
Kennzahlen,Key figures
Kader,squad
verfallen,expire
verbraucht,consumed
friedlichen,peaceful
gelandet,landed
Sindelfingen,Sindelfingen
BSE,BSE
Jahrhundertwende,turn of the century
Fußballer,footballer
Handels,trade
Intervention,intervention
Klientel,clientele
aufgeteilt,divided
belohnt,reward
StZ,StZ
Gefährdung,Hazard
hilflos,helpless
Adam,Adam
problematisch,problematic
freiwilligen,voluntary
Spaniens,Spain's
null,zero
aktivieren,activate
abzubauen,to dismantle
Sports,Sports
dokumentieren,document
Anbau,Cultivation
wecken,wake up
erschüttert,shaken
westlicher,western
kommerziellen,commercial
beachtet,noted
arbeite,work
Kugel,Bullet
Töpfer,potter
Anregungen,Suggestions
WDR,WDR
ewigen,eternal
gerieten,got
Kardinal,cardinal
Afghanistan,Afghanistan
Terrain,terrain
beschlagnahmt,confiscated
bemerkte,noticed
schwebt,floats
Überschuß,Excess
verbotenen,forbidden
künstlichen,artificial
Abteilungsleiter,Head of Department
Krisen,Crises
Olympiastadion,Olympic Stadium
Nordosten,Northeast
abschließen,complete
ausgeweitet,expanded
Reifen,Tires
Rabin,Rabin
Bestände,Inventories
Einspruch,Objection
fühlten,felt
Sparen,Save
Gärten,Gardens
Vernehmen,Hear
zurückliegenden,past
aufweisen,exhibit
Wahnsinn,Craziness
versammelten,assembled
Autobahnen,motorways
birgt,harbors
Schauplatz,Scene
Folter,torture
Bauen,Build
interessierten,interested
Match,match
Bundesstraße,Federal highway
Siedlungen,settlements
befunden,found
etablieren,establish
Ausscheiden,Elimination
Services,Services
Indianer,Native Americans
Ausrüstung,equipment
AOK,AOK
Jahrhunderten,centuries
zeitgenössischen,contemporary
Weißen,White
Mitarbeiterin,employee
auskommen,get by
Sat 1,Sat 1
blockieren,block
Aktiengesellschaft,Public limited company
verletzte,injured
Lebensmitteln,food
Tragen,Carry
Kasten,Crate
besichtigen,view
Vorliebe,preference
entnommen,taken
Georgios,Georgios
Halbinsel,peninsula
verschwand,disappeared
Hauptsache,The main thing
britischer,British
GUS,CIS
Verzögerung,delay
Unterzeichnung,signing
ergaben,resulted
inhaltlich,content
Streichung,Deletion
Ökologie,ecology
Irmgard,Irmgard
ergriffen,seized
erteilen,grant
Zielgruppe,Target audience
grundsätzliche,fundamental
zeichnete,drew
reißt,tears
Holger,Holger
gestimmt,voted
Blüten,flowers
Pathos,pathos
gewechselt,changed
übte,practiced
darzustellen,to represent
Ludwigsburger,Ludwigsburg
Nachkriegszeit,Post-war period
Island,Iceland
Jahrgang,vintage
intensiver,more intense
überwacht,monitored
Pflichten,duties
verschont,spared
operiert,operated on
künstliche,artificial
drohende,impending
Medikamenten,medication
aufgebracht,agitated
Sterben,Die
Arbeitnehmern,employees
Reserven,reserves
Strahlung,radiation
Verlagerung,Relocation
bekennt,confesses
Konzernumsatz,Group revenue
klappt,works
Wortes,Word
Versagen,Fail
Ecken,corners
Regierungspräsidium,Regional Council
Rezept,Recipe
Attraktivität,attractiveness
gestattet,permitted
Fahnen,Flags
Turbulenzen,Turbulence
US-Regierung,US government
Tel Aviv,Tel Aviv
reichten,sufficient
Fremden,strangers
nutzten,used
Warten,Wait
Johnson,Johnson
grün,green
zügig,quickly
ähnlicher,similar
erstreckt,extends
Johanna,Johanna
baden-württembergische,Baden-Württemberg
absolviert,completed
Misere,Misery
Ingenieur,engineer
Montage,Assembly
kandidieren,run for office
Gruppierungen,Groups
scheitert,fails
Gesten,Gestures
Realismus,realism
Trends,Trends
europaweit,Europe-wide
Volker Rühe,Volker Rühe
dumm,dumb
Briefen,letters
Inge,Inge
psychisch,psychological
vereinbarte,agreed
Attacken,attacks
energisch,energetic
Treppe,Stairs
Abteilungen,Departments
Sperre,Block
Entspannung,relaxation
Wegfall,Elimination
Sehen,See
Todesstrafe,capital punishment
Händlern,dealers
gerückt,moved
Zwölf,Twelve
Einigkeit,unity
Dublin,Dublin
niedrigeren,lower
ausreichende,sufficient
vergleichbaren,comparable
alternative,alternative
Achtung,Danger
wahrnehmen,perceive
riefen,called
Kirchengemeinde,Parish
unglaublich,incredible
Provinzen,Provinces
Freispruch,acquittal
ergreifen,seize
gezielte,targeted
qualifiziert,qualified
erfolgreichsten,most successful
spart,saves
trauen,trust
Vorbehalte,Reservations
Jubel,Cheers
Mittag,Midday
Absprache,Agreement
vermehrt,more
rückte,moved
bestenfalls,at best
Ihres,Yours
Darsteller,Performer
ablehnen,refuse
vorausgesetzt,provided
sozialdemokratische,social democratic
konzipiert,designed
Alliierten,Allies
Laien,laypersons
Geister,Ghosts
gewählte,selected
Gorbatschow,Gorbachev
Ulrike,Ulrike
Bemerkung,remark
abseits,offside
kontrollierten,controlled
Außenseiter,outsider
Bauarbeiter,construction worker
Weltrangliste,World ranking
Erkrankungen,Diseases
mahnte,warned
Bezüge,References
gesunde,healthy
Geht,Goes
Anstoß,Kick-off
Essener,Essen
Ausstrahlung,Radiance
Server,server
Abgaben,Taxes
wundert,wonders
just,just
gezeichnet,drawn
Probe,sample
Bürgermeisterin,Mayor
Potsdamer Platz,Potsdamer Platz
Drehbuch,script
echter,real
tatsächliche,actual
Medaille,medal
beginnenden,beginning
ehemaligen DDR,former GDR
Sekte,sect
sonderlich,especially
kannst,can
CDU-Politiker,CDU politician
Musical,musical
In- und Ausland,Domestic and international
binden,bind
Prosa,prose
schlechtes,bad
freigelassen,released
Aufsicht,Supervision
zielt,aims
vertrat,represented
Lieber,Dear
heiraten,marry
Vorschrift,Regulation
körperliche,physical
lehrt,teaches
Kontinuität,continuity
verstand,mind
hilfreich,helpful
ahnen,sensues
Hannelore,Hannelore
Gewebe,tissue
Verteidigungsministerium,Ministry of Defense
Garantie,guarantee
Darmstädter,Darmstadt
Offizier,officer
verbietet,prohibits
vermeintlichen,alleged
schönes,beautiful
Import,import
agieren,act
Kleider,Dresses
Eberhard,Eberhard
Kulisse,backdrop
Geständnis,confession
verzeichnete,recorded
Per,By
Ermittlungsverfahren,Investigation proceedings
Siegen,Siege
freundliche,friendly
Gentechnik,Genetic engineering
Einsätze,missions
verleiht,lends
andern,change
integrieren,integrate
herunter,down
verbuchen,book
Verringerung,reduction
Bush,Bush
gewandt,skilled
zurückgetreten,resigned
gestiegenen,increased
übermittelt,transmitted
Aufführungen,Performances
Schöne,Beautiful
bedrohten,threatened
verletzten,injure
offenbart,reveals
Regierungssprecher,Government spokesman
Begleiter,companion
Propaganda,propaganda
erschwert,more difficult
kommunistische,communist
Rüttgers,Rüttgers
Feiern,Celebrate
verbreiteten,widespread
definierten,defined
Tarife,Tariffs
Jahreswechsel,New Year's Eve
komisch,funny
fähig,capable
entsprechendes,corresponding
Bands,Bands
Jeans,jeans
komplizierte,complicated
Gewerkschafter,trade unionist
Helsinki,Helsinki
Zuversicht,Confidence
ärgert,annoys
Maßstäbe,standards
Stau,Traffic jam
geborgen,rescued
beruhigt,reassured
zurückgenommen,withdrawn
Nasdaq,Nasdaq
Ausschreitungen,Riots
Anmeldungen,Registrations
Stadtparlament,City council
Gebot,bid
äußere,outer
verhält,behaves
Rehhagel,Rehhagel
d.,d.
Song,song
Popularität,popularity
Kategorien,Categories
Viktor,Viktor
Saddam Hussein,Saddam Hussein
überzogen,excessive
Reste,Leftovers
winzigen,tiny
spreche,speak
Parkplätze,Parking spaces
Atomwaffen,nuclear weapons
Wimbledon,Wimbledon
Messungen,Measurements
Studierenden,students
Jedoch,However
Einklang,Harmony
verborgen,hidden
Bände,Volumes
vereinbaren,agree
Problematik,Problem
Kuwait,Kuwait
überschreiten,exceed
Pop,pop
Wettkampf,competition
Marie,Marie
absurd,absurd
irgendwelche,any
Zentren,centers
Meist,Mostly
Disposition,Disposition
Dutzende,Dozens
persönlicher,personal
angestrebt,aimed for
Oslo,Oslo
Wirt,host
Ausflug,Side trip
Verdienste,Merits
englischer,English
Ernte,harvest
Private,Private
warmen,warm
Ude,Ude
OLG,Higher Regional Court
beabsichtigt,intended
Wollen,Want
Weltmarkt,World market
positives,positive
gen,gene
Fundamentalisten,Fundamentalists
regierenden,ruling
anschließenden,subsequent
Längst,Long ago
leid,sorrow
gentechnisch,genetic engineering
woher,from where
gehörende,belonging
trennt,separates
Sternen,stars
geistig,mental
Tricks,Tricks
Eintracht Frankfurt,Eintracht Frankfurt
Lehmann,Lehmann
Obst,Fruit
eingebunden,integrated
Konsortium,consortium
f,f
Diskriminierung,Discrimination
Fehlen,Miss
reale,real
Vorschlägen,Suggestions
freiwillige,voluntary
Höchst,Maximum
Mitarbeit,cooperation
Alleingang,Going it alone
Viren,Viruses
Südosten,southeast
operative,operative
Drohungen,Threats
Gorleben,Gorleben
Olympischen Spiele,Olympic Games
Großvater,grandfather
Antike,Ancient times
erbracht,provided
Rivalen,Rivals
F,F
zugegeben,admittedly
Besten,Best
aufgewachsen,grew up
Hemd,Shirt
Kommt,Comes
Spree,Spree
Bundesgerichtshof,Federal Court of Justice
geräumt,cleared
brasilianischen,Brazilian
relevanten,relevant
Kontext,context
Springer,Springer
brutal,brutally
reißen,tear
fasziniert,Charmed
Allgemeinen,General
deutschsprachigen,German-speaking
Mitgliedsstaaten,Member States
Sicherheitsrat,Security Council
Besserung,improvement
Bezirke,districts
alternativen,alternatives
Nahverkehr,local public transport
einziehen,move in
Zielen,Goals
Notenbank,Central bank
Unterdrückung,oppression
erholt,recovered
Friedberg,Friedberg
Oldenburg,Oldenburg
Eduard,Edward
Jugendarbeit,youth work
behält,retains
Rückführung,Return
Textilien,textiles
Postbank,Postbank
Genfer,Geneva
Treiben,To drive
Bewohnern,residents
Verkehrsminister,Minister of Transport
willen,will
Viag,Viag
Besondere,Special
Hosen,Pants
landet,lands
Ereignissen,events
entstandene,created
Michel,Michel
Novelle,novella
Kläger,Plaintiff
Kapitals,capital
Nahrungsmittel,food
stabile,stable
entfielen,omitted
Frust,frustration
stießen,encountered
Norbert Blüm,Norbert Blüm
beiseite,aside
weh,sore
Hill,Hill
menschlicher,human
Effekte,Effects
sofortige,immediate
Langen,Langen
Chemikalien,chemicals
historischer,historical
geführte,guided
reserviert,reserved
überstanden,survived
Untersuchungsausschuß,Committee of Inquiry
Dritten,Third
Qualitäten,Qualities
tschetschenischen,Chechen
Bundesverfassungsgerichts,Federal Constitutional Court
Auslegung,interpretation
Wettbewerber,Competitors
gleichnamigen,of the same name
Lkw,Truck
Ökonomie,Economics
Rose,rose
wilde,wild
verfügbaren,available
verdoppeln,double
Eigenschaft,Characteristic
Oberlandesgericht,Higher Regional Court
Verstärkung,Reinforcement
stürzt,falls
Einbrecher,burglar
Weiterentwicklung,Further development
kostenlose,free
Normen,Standards
begrenzen,limit
zurecht,rightly so
attraktive,attractive
Know-how,Know-how
dick,thick
anschließen,connect
Schilling,Schilling
Marokko,Morocco
Kreistag,District Council
verschlechtert,worsened
Verletzten,injured
belgische,Belgian
bestätigten,confirmed
lehnten,declined
vergangen,past
Zehntausende,Tens of thousands
angestrebte,intended
Nummern,Numbers
irischen,Irish
niedersächsische,Lower Saxony
FC Bayern München,FC Bayern Munich
sogenannter,so-called
zählten,counted
eingespart,saved
beschlossenen,decided
prinzipiell,in principle
aufzugeben,to give up
angemessene,appropriate
Prager,Prague
Bronze,Bronze
beibehalten,retain
Hartmann,Hartmann
Anlegern,investors
sprich,speak
Transaktionen,transactions
Beratungsstelle,Advice center
Landsmann,countryman
anpassen,adjust
T.,T.
IV,IV
abermals,once again
regieren,govern
Gegnern,opponents
Funktionsbaustein,Functional module
unmittelbaren,immediate
Stämme,tribes
Räder,Wheels
Stillstand,Stagnation
nirgendwo,nowhere
Kartoffeln,potatoes
industrielle,industrial
Kriminalpolizei,Criminal Police
Franzose,Frenchman
qualifizierte,qualified
Erlaubnis,Permission
Strauß,bouquet
Schwangerschaft,pregnancy
fing,started
Eberhard Diepgen,Eberhard Diepgen
Transrapid,Transrapid
Fabriken,factories
ANC,ANC
Airbus,airbus
Tagebuch,diary
islamische,Islamic
Reparatur,repair
Befragung,survey
geheimen,secret
rollt,rolls
Jutta,Jutta
Ulmer,Ulm
Fotografen,photographers
Seen,Lakes
Sozialpolitik,Social policy
Überschrift,headline
eingesetzten,deployed
angelegten,created
EZB,ECB
eingreifen,intervention
traut,trust
kleinsten,smallest
Zusagen,commitments
Milieu,milieu
mithin,therefore
Hügel,hill
anhaltende,persistent
kürzen,shorten
Faszination,fascination
Zyklus,cycle
Wolfsburg,Wolfsburg
Flüsse,rivers
betreuen,look after
Sitzungen,Meetings
Durchsetzung,enforcement
Abgang,Departure
bequem,comfortable
schwärmt,raves
appelliert,appeals
Anneliese,Anneliese
angetan,impressed
welch,which
Auftragseingang,Order receipt
beteuert,asserts
ankommt,arrives
demselben,the same
ausgezahlt,paid out
harter,harder
Intel,Intel
Politische,Political
Grafik,graphic
Anzug,Men's suit
iranische,Iranian
Metro,metro
verkörpert,embodies
zehnten,tenth
vorgetragen,presented
di,di
meinten,meant
Treue,loyalty
erörtert,discussed
widersprach,contradicted
Hunderttausende,Hundreds of thousands
Vorstandssprecher,Board spokesman
flexibel,flexible
Gras,grass
Tenor,tenor
Versionen,Versions
Kontrahenten,opponents
Nordsee,North Sea
Absichten,Intentions
abzugeben,to give away
schaden,damage
Wehrmacht,Wehrmacht
Utopie,Utopia
Marion,Marion
australischen,Australian
steigerte,increased
untersuchten,examined
Henry,Henry
dementiert,denied
unmittelbarer,immediate
Irrtum,error
gleichfalls,same to you
Paragraphen,paragraphs
Blicke,Views
repräsentiert,represents
gelbe,yellow
Irene,Irene
senden,send
geringfügig,slightly
Dunkelheit,darkness
Vorträge,lectures
Slowenien,Slovenia
Referent,Speaker
stationiert,stationed
Entlassungen,redundancies
einigten,agreed
bunt,colorful
hoffentlich,hopefully
Verbänden,associations
entsprach,corresponded
verbrachte,spent
präsentierten,presented
Fahne,banner
folglich,consequently
Erscheinen,Appear
oberhalb,above
ägyptischen,Egyptian
träumt,dreams
ausgewertet,evaluated
Hohe,Height
drückte,pressed
festgeschrieben,stipulated
University,University
verbucht,recorded
Bewag,Bewag
Nordwesten,Northwest
kaputt,broken
Einbeziehung,Inclusion
SV,SV
verdiente,earned
Pilot,pilot
Großmutter,grandmother
erfreulich,pleasing
reiste,traveled
bundesweiten,nationwide
Soweit,So far
Lohnarten,Wage types
Kokain,cocaine
Pressemitteilung,Press release
nachzudenken,to think about
angebotenen,offered
Sozialversicherung,social security
Vernehmung,Interrogation
Zuständigkeit,Responsibility
Tempel,temple
erschienenen,appeared
Fernsehens,television
Lebed,Lebed
Dietrich,Dietrich
Repertoire,repertoire
Verbündeten,Allies
frischen,fresh
Geschäftsbereich,Business area
Theologie,theology
Zucker,Sugar
schwersten,heaviest
verstärkten,reinforced
lächelt,smiles
Götter,gods
Abbildung,illustration
zweitgrößte,second largest
taten,did
Schafe,Sheep
bar,bear
vergrößert,enlarged
Philippinen,Philippines
Kursen,courses
Zimmern,Rooms
Angreifer,attacker
Bundespräsidenten,Federal Presidents
Organe,Organs
Peru,Peru
mussten,had to
lächerlich,ridiculous
gesungen,sung
aufgeklärt,explain
Getränke,drinks
externe,external
Fund,Find
DDR-Zeiten,GDR times
bezog,referred
feine,fine
Ingeborg,Ingeborg
Territorium,territory
Reis,rice
Gesamtjahr,Full year
Hubert,Hubert
beschließt,decides
Beate,Beate
Gesprächspartner,Conversation partner
Supermarkt,supermarket
Sparmaßnahmen,cost-cutting measures
Statistiken,statistics
bliebe,remain
höchster,highest
Günter Rexrodt,Günter Rexrodt
Geschlecht,Gender
Dom,Cathedral
Betreuer,Supervisor
zueinander,to each other
vorzubereiten,to prepare
Boykott,boycott
Fachleuten,experts
Dietmar,Dietmar
Computern,computers
Marktanteile,Market shares
Hartmut,Hartmut
Volkswirtschaft,economics
Ostsee,Baltic Sea
bekämpft,fights
Nähere,More details
gescheiterten,failed
Schiene,rail
selbstbewußt,confident
Bundeswirtschaftsminister,Federal Minister of Economics
Ausschreibung,Tender
Z,Z
irakische,Iraqi
Anweisungen,instructions
Verlegung,laying
Spalten,columns
Rio,Rio
Bauwirtschaft,Construction industry
Getreide,Grain
Konrad,Konrad
Selektion,selection
Litauen,Lithuania
Intensität,intensity
Elite,elite
Baden-Baden,Baden-Baden
Anruf,Call
Stärken,Strengthen
vernünftige,reasonable
nachdrücklich,emphatically
Kopie,copy
einmalig,unique
wundern,wonder
vernachlässigt,neglected
Plädoyer,plea
Messen,Measure
verließen,left
Los,Go
Handvoll,handful
Sitzen,Sit
manchem,some
Nehmen,Take
verhelfen,help
Angriffen,attacks
Peres,Peres
Sparten,divisions
indische,Indian
zivile,civilian
Symbole,Symbols
gehörenden,belonging
Kommentare,Comments
Provokation,provocation
Wünschen,Wish
außerordentlichen,extraordinary
Wählern,voters
auftritt,occurs
Prenzlauer Berg,Prenzlauer Berg
herausgefunden,found
Arbeitskräfte,workforce
dringt,penetrates
Führerschein,Driver's license
registrieren,register
befragten,interviewed
runter,down
Dirigent,conductor
vernünftig,reasonable
Schmitt,Schmitt
Festivals,Festivals
angenehm,pleasant
Wiederherstellung,Restoration
virtuelle,virtual
Mustafa,Mustafa
Grad Celsius,degrees Celsius
nützt,useful
Zügen,trains
schienen,rails
Großhandel,wholesale
jüdischer,Jewish
Sony,Sony
Geplant,Planned
Sondersitzung,Special session
Nagel,nail
Einwanderer,Immigrants
Entschuldigung,Excuse me
Evangelische,Protestant
Erforschung,exploration
Gulden,gulden
Ambiente,Ambience
eingetroffen,arrived
Schreiber,Writer
seltsam,strange
Kleinstadt,small town
gelitten,suffered
mitteilt,informs
Philips,Philips
Weißrußland,Belarus
Angela Merkel,Angela Merkel
Steuerhinterziehung,tax evasion
Finanzpolitik,Fiscal policy
Hafenstadt,port city
derlei,such
dunkel,dark
Typs,Types
Halt,Stop
abzusehen,to be foreseeable
Story,story
bevorstehende,upcoming
weitergegeben,passed on
Hierbei,This
Mittelfeldspieler,midfielder
Schmid,Schmid
Kurve,curve
engagierten,committed
Heer,army
analysieren,analyze
einheimischen,local
Abriß,Demolition
Absicherung,Security
Besonderes,Special
Kritikern,critics
jeglicher,any
Bundesbahn,German Federal Railway
abgewiesen,rejected
Einerseits,On the one hand
obendrein,Moreover
Wohnraum,Living space
Widersprüche,Contradictions
Mostar,Mostar
Initiatoren,initiators
Haaren,Hair
wartete,waited
Merkel,Merkel
militärisch,military
Übung,Exercise
tagsüber,during the day
unterliegen,are subject
Romantik,romance
vierzehn,fourteen
nebeneinander,side by side
Eroberung,conquest
Winkel,angle
gefährlicher,dangerous
Oberstaatsanwalt,Senior Public Prosecutor
Bundesaußenminister,Federal Foreign Minister
Wahlsieg,election victory
Global,Global
Quartett,quartet
erneuert,renewed
Grundsätze,Principles
sog,so-called
Effizienz,Efficiency
Philosoph,philosopher
Treff,Meeting
glaubten,believed
Amtsantritt,Inauguration
Dörfern,villages
Bühnen,stages
ne,no
herzlich,heartfelt
Nachdenken,Ponder
ergänzte,added
Sponsor,sponsor
Entschluß,Decision
Behinderten,disabled
meiste,most
Wunden,wounds
Personalabbau,Staff reduction
geflohen,fled
geehrt,honored
Höhen,Heights
gelernte,learned
Recherchen,research
Helene,Helene
sportlich,sporty
angehen,approach
etablierten,established
unterlag,was defeated
Rinder,Bovine
Dreck,dirt
Ei,egg
e,e
Allgemeine,General
Grundgesetzes,Basic Law
Ostberliner,East Berliners
Hindernis,obstacle
Technische,Technical
Repräsentanten,Representatives
umgebaut,rebuilt
Scheibe,disc
nominiert,nominated
Statistische,Statistical
Kenia,Kenya
drastische,drastic
angeführt,listed
Überdies,Moreover
Fiskus,treasury
Plastik,plastic
verbliebenen,remaining
verzichtete,waived
Blockade,blockade
Mama,mama
Entwicklungshilfe,Development aid
Verbund,network
Tiger,tiger
ruhen,rest
fortgeschrieben,continued
mithalten,keep up
namentlich,namely
verwandt,related
Engagements,Engagements
Anne,Anne
absehbarer,foreseeable
Schluss,Ending
Konstanz,Constance
Gen,gene
Veto,veto
knapper,narrower
wiederholte,repeated
Scheiben,discs
frische,fresh
verkünden,announce
wirkten,had an effect
Anbietern,Providers
mächtige,powerful
Jakob,Jakob
Vorgehensweise,Procedure
Haushalten,households
Olga,Olga
Saudi-Arabien,Saudi Arabia
schätzungsweise,approximately
abgerechnet,billed
Vorhang,Curtain
Weltweit,Worldwide
Spaltung,cleavage
Langeweile,boredom
Pleite,Broke
Innenministeriums,Ministry of the Interior
Symptome,Symptoms
Abgeordneter,Member of Parliament
bekannter,well-known
Stalin,Stalin
sachlich,factual
mittag,midday
Tante,aunt
Drucker,Printer
Route,route
antiken,ancient
starkes,strong
kompletten,complete
Bürgermeisters,Mayor
häufigsten,most
Börsianer,Stockbrokers
unnötig,unnecessary
CDU-Fraktion,CDU parliamentary group
Südostasien,Southeast Asia
Vorabend,eve
hinunter,down
konstant,constant
weißer,white
Ethik,ethics
V,V
Abfälle,Waste
tschechische,Czech
Mailänder,Milanese
Ivan,Ivan
Mohamed,Mohamed
Wieviel,How much
fröhlich,cheerful
Zoo,zoo
größeres,larger
Hintergründe,Background
Sauerstoff,oxygen
Eichel,acorn
übertrieben,exaggerated
Stückliste,Bill of materials
deutschem,German
amtierenden,incumbent
sinnvolle,meaningful
Bibliotheken,Libraries
kämpfte,fought
Trinkwasser,drinking water
SPD-Fraktionschef,SPD parliamentary group leader
Salz,Salt
Martha,Martha
Rauch,smoke
Videos,Videos
drucken,press
eingeschlossen,included
gestützt,supported
Plutonium,plutonium
älterer,older
Ingolstadt,Ingolstadt
Menschlichkeit,humanity
Heimspiel,Home game
Adler,eagle
angerichtet,prepared
riß,tear
Phasen,phases
boten,offered
verbracht,spent
erweiterten,expanded
Menschenrechtsverletzungen,Human rights violations
Nikolaus,Nicholas
Mitleid,Pity
Parolen,Slogans
bekomme,get
Besser,Better
Zusätze,Additions
abgeschnitten,cut off
arg,awful
Routine,routine
Tätern,perpetrators
Afrikas,Africa
Stadtverordnetenversammlung,City Council
Beschränkung,restriction
Morde,murders
Erfolgen,Take place
Red,Red
ausgeschrieben,advertised
Hebron,Hebron
US,US
d,d
unverzüglich,immediately
Zunge,Tongue
Nationalisten,Nationalists
praktiziert,practiced
wiegt,weighs
Felix,Felix
Kunststoff,plastic
Reichweite,reach
deutete,indicated
zurückzukehren,to return
Smith,Smith
Satzung,Statutes
Ladung,charge
Stichtag,Deadline
Ltd,Ltd
zugehörigen,associated
zutiefst,deeply
eingeplant,planned
Albrecht,Albrecht
Konkurrent,competitor
Motoren,Engines
Normalität,normality
Eigenkapital,Equity capital
Rückschlag,setback
griffen,grabbed
erweiterte,extended
keines,none
erteilte,granted
Kalender,calendar
kühl,cool
vage,vague
bewies,proved
Beachten,Observe
NRW,North Rhine-Westphalia
Personenwagen,passenger cars
gefertigt,manufactured
begründeten,justified
Dasein,To be there
einfallen,come up
entfalten,unfold
fangen,catch
Gelassenheit,serenity
demonstrierten,demonstrated
Psychologen,Psychologists
erwarb,acquired
auszubauen,to expand
juristisch,legal
Automobilindustrie,automotive industry
normaler,normal
Brille,Glasses
formal,formally
ausgleichen,balance
mittelständischen,medium-sized
US-amerikanischen,US
Bundesanstalt,Federal Institute
mitgebracht,brought along
rückgängig,undo
Buben,boys
verdammt,damned
stärkeren,stronger
empfindet,feels
öffnete,opened
Lüge,lie
Makler,broker
flüchtete,fled
ernsthafte,serious
Polizeibeamte,police officers
drohten,threatened
Nächte,nights
Mercedes-Benz,Mercedes Benz
vormittag,late morning
Anschein,Appearance
Öffentlichkeitsarbeit,Public relations
Personalkosten,Personnel costs
Erwin Teufel,Erwin Teufel
Innovation,innovation
ausgeschieden,eliminated
Befürchtung,apprehension
Rufnummer,Phone number
Reisenden,travelers
Verstand,mind
Elementen,elements
dienten,served
änderte,changed
Problems,Problems
Nach wie vor,Still
Kenner,Experts
Taxifahrer,taxi driver
Verfassungsgericht,Constitutional Court
Ad,Ad
dienstags,Tuesdays
Tübinger,Tübingen
Komposition,composition
Haustür,front door
Stadtgebiet,urban area
runden,round
verzögert,delayed
Dateien,files
Dimitrios,Dimitrios
gereicht,served
sanft,soft
Gehen,Go
Research,Research
Oskar,Oskar
Tribüne,grandstand
unzufrieden,unsatisfied
Gültigkeit,validity
verstecken,hide
Kunsthalle,Kunsthalle
hinterlegen,deposit
Antisemitismus,Antisemitism
Vorfahren,ancestors
Akzente,Accents
Begrenzung,Limitation
Reisende,travelers
Wahlbeteiligung,Voter turnout
de la,de la
Schnittstelle,interface
Jordanien,Jordan
Alarm,alarm
eignet,suitable
Wirkungen,Effects
Führungskräfte,management
Christel,Christel
Wobei,Where
angewandt,applied
aufgetaucht,appeared
vielfältigen,diverse
Schätzung,estimate
Sexualität,sexuality
gewürdigt,appreciated
arme,poor
Diktator,dictator
Verschärfung,tightening
Fenstern,windows
Arnold,Arnold
schießt,shoots
verkürzt,shortened
Oberbayern,Upper Bavaria
vorzunehmen,to do
Landtagswahlen,State elections
jeher,ever
Mitgliederversammlung,General Meeting
Aufzeichnungen,records
Entwicklungsländer,Developing countries
Gefühlen,feelings
vwd,vwd
seltenen,rare
et,et
serviert,served
Dahinter,Behind
Vatikan,Vatican
Korrekturen,corrections
Neubauten,New buildings
logische,logical
versäumt,missed
umzugehen,to deal with
Ambitionen,Ambitions
geprägten,embossed
eingezogen,moved in
Bundesanwaltschaft,Federal Prosecutor's Office
Analyst,Analyst
zurückgehen,go back
deine,your
schloss,lock
FC,FC
Stabilisierung,stabilization
Teils,Part
Euch,You
Nationale,National
Innere,Inner
Kabarett,cabaret
Fundament,foundation
Ernennung,appointment
vertagt,postponed
Williams,Williams
Krupp,Krupp
wahrlich,truly
verwundert,surprised
Zelt,Tent
Motiven,motives
laufe,run
Reichen,Are sufficient
Lücken,Gaps
Beihilfe,aid
Bebauung,Development
Mehrheiten,Majorities
bürgerliche,bourgeois
Abgesehen,Apart from
Sound,Sound
nächtlichen,nighttime
ethnischen,ethnic
mittelständische,medium-sized
telefonisch,by phone
Fulda,Fulda
einsteigen,get in
raten,guess
Versicherer,insurer
Tarifverhandlungen,Collective bargaining
Gewißheit,Certainty
Regisseure,directors
Kostenstelle,Cost center
Weit,Far
Gläubiger,Creditors
nochmal,again
Christiane,Christiane
Wehr,Defense
Renovierung,renovation
gemalt,painted
Diesem,This
Note,note
Palast,palace
verfolgte,pursued
graue,grey
Schröders,Schröder's
Nationalismus,nationalism
umliegenden,surrounding
Normalerweise,Normally
sauer,sour
begnügen,be content
Tötung,killing
Roten,Redden
anderem,other
verbundene,associated
strahlt,radiates
abgestellt,parked
Nachbar,Neighbor
Libyen,Libya
verarbeiten,process
Talente,Talents
Gedichten,Poems
Korea,Korea
Haftstrafe,prison sentence
Beckenbauer,Beckenbauer
Networks,Networks
Fraktionsvorsitzende,Parliamentary group leader
bekennen,confess
erstattet,refunded
Horn,horn
bemerkenswert,remarkable
Werkzeug,Tool
Trick,trick
Rückblick,Looking back
Kunstwerke,Works of art
Überlebenden,survivors
regulären,regular
Papa,papa
Indiz,indication
Kiew,Kyiv
gewagt,daring
halbwegs,somewhat
Stattdessen,Instead
schlechthin,simply
besiegt,defeated
verschiedensten,various
Bemerkungen,Remarks
Udo,Udo
beruhigen,calm
toll,great
dotierten,endowed
vollständigen,complete
SPD-Chef,SPD leader
Miami,Miami
Plakat,poster
Süddeutschen Zeitung,Süddeutsche Zeitung
Zitat,Quote
ungeklärt,unresolved
Arbeitern,workers
Einflüsse,influences
BND,BND
Satire,satire
Akte,file
enthaltenen,contained
Geldpolitik,Monetary policy
durchsucht,searched
gab's,was there
brav,well-behaved
Stadtteilen,city ​​districts
Segment,segment
Wochenenden,Weekends
aufgebrochen,broken
geraumer,some time
mitteilen,communicate
klang,sound
Gepäck,Baggage
effektiv,effective
überwiesen,transferred
römische,Roman
Warnungen,Warnings
Landesverband,State Association
Flagge,flag
formulieren,formulate
Ballett,ballet
professionellen,professional
ausgeübt,exercised
Landung,landing
Weisheit,wisdom
Slobodan Milosevic,Slobodan Milosevic
schlichten,simple
prophezeit,prophesied
festzulegen,to determine
donnerstags,Thursdays
Mantel,Coat
eh,eh
überraschenden,surprising
überein,agree
Oberursel,Oberursel
liebevoll,lovingly
Baden,Bathe
Taschen,bags
Werkstätten,workshops
ADAC,ADAC
Flecken,stains
verankert,anchored
Jochen,Jochen
Gunst,favor
populär,popular
Regierungspartei,ruling party
prominente,prominent
beruft,calls
Kanäle,Channels
Allee,avenue
Abweichungen,Deviations
ganzer,whole
zurückgreifen,resort
klug,smart
hierher,here
demokratisch,democratically
eigen,own
Boston,Boston
Abtreibung,abortion
arabische,Arabic
siebzig,seventy
Bebauungsplan,Development plan
Anschlägen,attacks
wissenschaftlicher,scientific
Des,The
WTO,WTO
kassieren,collect
Kriterium,criterion
Aufträgen,orders
Tausenden,thousands
Redakteur,editor
Klischees,clichés
Großstädten,major cities
Lehrstellen,Apprenticeships
dein,your
vorstellbar,conceivable
Sucht,Seeks
erhob,raised
verschickt,sent
freundlichen,friendly
umfasst,includes
Leder,leather
Eins,One
bezug,relation
Arzneimittel,drug
Staatspräsidenten,Presidents
auszugleichen,to compensate
Absolventen,Graduates
Brecht,Brecht
abstimmen,vote
Straßenbahn,tram
Nationalsozialisten,National Socialists
Thüringer,Thuringian
lieferten,delivered
dänische,Danish
entspannt,relaxed
befürwortet,advocates
prognostiziert,predicted
Rektor,Rector
Beiträgen,Contributions
gestritten,argued
füllt,fills
Ressorts,Departments
zutage,to light
letztendlich,ultimately
kürzer,shorter
dünn,thin
Baumann,Baumann
umso,all the more
Hürde,hurdle
verunsichert,unsettled
Technischen,Technical
Planer,planner
Belebung,Revitalization
Infos,Information
Anja,Anja
Desaster,disaster
erstens,first
Buenos Aires,Buenos Aires
Böse,Evil
Verknüpfung,Link
regt,stimulates
Christian Ude,Christian Ude
lenken,steer
Geschäftstätigkeit,Business activities
ausverkauft,sold out
steigender,increasing
kündigen,quit
besetzte,occupied
90er Jahre,90s
gegriffen,grabbed
billige,cheap
beliebten,popular
wünsche,wishes
sang,sang
Kultusministerium,Ministry of Education
eindrucksvoll,impressive
Zensur,censorship
Ost-Berlin,East Berlin
Staatsanwälte,prosecutors
Preußen,Prussia
Johannes Rau,Johannes Rau
Marine,marine
Erdgas,natural gas
erzwingen,force
anwesend,present
Schläge,blows
unheimlich,scary
Pflanze,plant
Kühe,cows
litt,litt
derjenigen,those
grünes Licht,green light
nett,nice
achtzig,eighty
Größen,Sizes
Heilbronn,Heilbronn
Globus,globe
hindurch,through
Bodensee,Lake Constance
Atelier,studio
Jugendlicher,teenager
Geliebten,Beloved
kopiert,copied
Tarifvertrag,collective agreement
Kanzlers,Chancellor
angrenzenden,adjacent
einmaligen,unique
Mitarbeiters,Employee
Gehör,Hearing
gemein,mean
Fluggesellschaften,Airlines
Leitungen,lines
erstmal,first
Offensichtlich,Apparently
eingeweiht,inaugurated
befindlichen,located
inwieweit,to what extent
Konvention,Convention
auftauchen,turn up
vorsorglich,as a precaution
Florenz,Florence
Avantgarde,avant-garde
Ablösung,Replacement
versichern,assure
Teilchen,particles
Anbindung,Connection
sicherstellen,ensure
Lee,lee
Diana,Diana
überdurchschnittlich,above average
professionelle,professional
ereignete,happened
Gesundheitsreform,Health reform
Mobilität,mobility
Darstellungen,Representations
hellen,bright
Jean,Jean
Monitor,monitor
Verspätung,Tardiness
Innovationen,Innovations
Christina,Christina
25jährige,25-year-old
Holländer,Dutch
abzuwarten,to wait
vorangegangenen,previous
Neugier,curiosity
mangelt,lacks
Hauptquartier,headquarters
humanitäre,humanitarian
Kindergeld,Child benefit
Filmemacher,filmmaker
Deal,deal
Europameister,European champion
drastischen,drastic
Kohlendioxid,carbon dioxide
erprobt,tested
aggressiv,aggressive
angestellt,employed
De,The
erheblicher,significant
Entwicklungsländern,Developing countries
Böden,soils
SG,SG
blind,blind
innovative,innovative
zusätzlicher,additional
Astronomen,astronomers
vorgeschrieben,prescribed
Augenzeugen,Eyewitnesses
norwegischen,Norwegian
Tiergarten,Zoo
regelmäßige,regular
Kernenergie,Nuclear energy
Eisenbahn,railroad
Sensation,sensation
Bekannte,Acquaintance
widersprechen,contradict
Zehntel,tenth
nachfolgenden,the following
brauchten,needed
kombiniert,combined
Pädagogen,educators
steuerliche,tax-related
Srebrenica,Srebrenica
fünfziger Jahre,fifties
Sozialdemokrat,Social Democrat
Goethes,Goethe's
Intendanten,Artistic directors
rutschte,slipped
Ostdeutschen,East Germans
begrenzten,limited
Bremens,Bremen's
wertet,evaluates
Kronen,Crown
nähert,approaching
Nebenwirkungen,Side effects
moralisch,morally
Jenseits,Beyond
vorweisen,present
Tankstelle,gas station
Bayer Leverkusen,Bayer Leverkusen
Schwelle,threshold
liegende,lying down
begrenzte,limited
optimale,optimal
parat,ready
Nationalpark,National Park
Einschnitte,Cutbacks
Interessierte,Interested
Hauptrolle,Main role
Sich,Itself
Rover,rover
Anstalten,institutions
Raumfahrt,Space travel
Steinen,stones
Hindernisse,Obstacles
Entgegen,In contrast to
lud,invited
Erschließung,Development
Alptraum,nightmare
herrschenden,ruling
Dayton,Dayton
Sozialamt,Social Welfare Office
Jahreszeit,season
Verwertung,Utilization
angerufen,called
kündigten,announced
Würden,Would
Munition,ammunition
dreieinhalb,three and a half
unterliegt,is subject
Sauna,sauna
Sporthalle,Sports hall
Aufschrift,inscription
amtliche,official
Pence,Pence
In der Regel,Usually
Magen,stomach
Jude,Jew
steckte,stuck
Belgrader,Belgrade
Gnade,grace
aufrechterhalten,maintain
weithin,widely
heimische,local
Letzte,Last
DTB,DTB
Unbekannten,Unknown
Aufarbeitung,Processing
Reisebüros,travel agencies
niedrigere,lower
Mazedonien,Macedonia
zentral,central
wiederholten,repeated
schimpft,scolds
Faschismus,fascism
Verrat,betrayal
Islamisten,Islamists
Bekanntgabe,Announcement
rückläufig,declining
zusammengeschlossen,joined
orientierten,oriented
30jährige,30-year-old
Blättern,Scroll
Mandate,Mandates
buchstäblich,literally
beträchtlich,considerably
verwalten,administer
Zeichnung,drawing
westdeutsche,West German
Aktienkurse,Stock prices
Verstöße,Violations
Friedrichstraße,Friedrichstrasse
Ratten,Rats
Königreich,kingdom
Pension,pension
Deckung,cover
Erdgeschoß,Ground floor
unverständlich,incomprehensible
Mythen,Myths
englisch,English
Lagern,Storage
Arbeitszeiten,Working hours
Sozialstaat,welfare state
jünger,younger
Geruch,Odor
aufstellen,set up
wörtlich,literally
musikalisch,musical
Zigarette,cigarette
Hauptstraße,Main Street
Entsetzen,horror
angewendet,applied
Le,Le
Sprengstoff,explosive
Coup,coup
Störung,Disturbance
Uniform,Uniform
steigert,increases
Seminare,seminars
Gegenspieler,opponent
Fehlern,Errors
mittelalterlichen,medieval
Orden,Order
Thron,throne
Agenten,agents
spektakuläre,spectacular
OSZE,OSCE
Kontrast,contrast
Senders,Sender
Teppich,Carpet
Titeln,Titles
EUR,EUR
Erreger,Pathogen
satt,full
Strafkammer,Criminal Chamber
Ute,Ute
Julia,Julia
frage,ask
zahlte,paid
Prinzen,Princes
stabilen,stable
Reports,Reports
Schade,Too bad
belaufen,amount to
beantragte,applied for
Carl,Carl
Einnahme,income
aneinander,next to each other
sid,sid
beläuft,amounts to
Fahrten,journeys
Rems-Murr-Kreis,Rems-Murr district
Südafrikas,South Africa
Uhren,Watches
Rosa,Pink
Brauerei,brewery
erstaunt,astonished
bescheidenen,modest
überraschende,surprising
angefordert,requested
Parallel,Parallel
Michael Schumacher,Michael sSchumacher
Jordan,Jordan
antworten,answer
Araber,Arabs
Bayreuth,Bayreuth
Bundesverbandes,Federal Association
Beirat,Advisory board
ewige,eternal
Münzen,coins
passende,suitable
profitierten,benefited
St. Pauli,St. Pauli
packen,pack
King,King
Vorgängen,processes
Zuwachsraten,Growth rates
Schilderung,description
drüben,over
Archivierung,Archiving
Apple,Apple
Beethoven,Beethoven
Ampel,Traffic light
Kabul,Kabul
körperlich,physically
verständigen,communicate
warteten,wait
angestrebten,intended
Parks,Parks
teilzunehmen,to participate
Jahresumsatz,Annual revenue
jahrzehntelang,for decades
Obersten,Supreme
Zirkus,circus
Straßenverkehr,Road traffic
ausgehandelt,negotiated
Wiesen,Meadows
bezifferte,quantified
Renditen,Returns
Diplomat,diplomat
Weite,Extent
bewegten,moved
beschwert,complained
Tony Blair,Tony Blair
Kunstwerk,artwork
Banker,banker
Baustellen,Construction sites
steuerlichen,tax
BDI,BDI
vergebens,in vain
erwartenden,expected
Minen,Mines
geschätzten,estimated
DAX,DAX
hinreichend,sufficient
abgesichert,secured
extremen,extreme
jugendlichen,youth
Erlebnisse,Experiences
Spekulation,speculation
Belohnung,Reward
Volksabstimmung,Referendum
Wichtigste,Most important
komplexen,complex
Erzeugnisse,Products
zerstörte,destroyed
Trendwende,Turning point
Hamburger SV,Hamburger SV
eingeschlagen,hit
plaziert,placed
wechselnden,changing
gültige,valid
Schubert,Schubert
Hoch,High
Vergessen,Forget
totale,total
psychologische,psychological
betrieblichen,operational
Buchen,Book
Gewinnen,Win
Moskaus,Moscow
Innern,Inside
Christopher,Christopher
nützlich,useful
orientierte,oriented
Kompositionen,Compositions
bedauerte,regretted
Formel 1,formula 1
nix,nothing
Käse,Cheese
Erzbischof,archbishop
Ausfall,failure
Konflikts,conflict
goldene,golden
Marx,Marx
erhoffen,hope
protestierten,protested
landwirtschaftlichen,agricultural
längerer,longer
Geliebte,beloved
Völlig,Fully
landesweit,nationwide
Abschreibungen,Depreciation
dominieren,dominate
bittere,bitter
versetzen,move
detaillierte,detailed
abgehalten,held
Chemiker,chemist
einsam,lonely
Blau,Blue
Anregung,suggestion
Kameraden,Comrades
Kooperationen,Cooperations
Wilfried,Wilfried
Schalke,Schalke
Zusatz,Additional information
geschrumpft,shrunken
stundenlang,for hours
unweit,not far
Illusionen,Illusions
körperlichen,physical
bemühte,endeavor
finanzieller,financial
klares,clear
Werder Bremen,Werder Bremen
einsparen,save
Anführer,leader
Überwindung,overcoming
Fliegen,Fly
bedrohte,threatened
vorläufige,preliminary
Vorbilder,Role models
betonten,emphasized
verfügte,provided
Extremisten,extremists
bloßen,mere
berät,advises
gemerkt,noticed
verwehrt,denied
Hütte,hut
John Major,John Major
nebst,besides
Theorien,Theories
Angeblich,Allegedly
Kaufhaus,Department store
Atlantik,Atlantic
Tief,Deep
Hertha,Hertha
ausgewählte,selected
gängigen,common
leuchtet,shines
Berufe,Professions
Bezirken,districts